Date,Portfolio
2020-01-02,0.0004899413555
2020-01-03,0.0004891425183
2020-01-06,0.0
2020-01-07,-0.0003912513044
2020-01-08,0.001508035517
2020-01-09,-1.990519007e-05
2020-01-10,-0.0009074609716999
2020-01-13,0.0006330955097
2020-01-14,0.0021687292828
2020-01-15,-0.002313296121
2020-01-16,-0.0015145631059
2020-01-17,0.006160996726
2020-01-20,-0.0013788783655
2020-01-21,0.0042487888449999
2020-01-22,0.0009304627979999
2020-01-23,0.0019777819793
2020-01-24,0.002413852773
2020-01-27,0.006118069209
2020-01-28,-0.0018059060269
2020-01-29,0.003013304189
2020-01-30,0.00063311045248
2020-01-31,0.0007595553486999
2020-02-03,0.002597096831
2020-02-04,-0.0021454789962999
2020-02-05,0.0003995453995
2020-02-06,0.0008160160592
2020-02-07,0.0020725091766
2020-02-10,0.0002522344834
2020-02-11,-0.0010332463733
2020-02-12,-0.0005810989698
2020-02-13,0.000521335126
2020-02-14,0.0022858034073
2020-02-17,-0.0002341125481999
2020-02-18,0.0023939721299
2020-02-19,-0.0024325718761
2020-02-20,0.000612780374
2020-02-21,-0.00114235767
2020-02-24,0.001688101646
2020-02-25,-0.000804442439
2020-02-26,0.0019727348879999
2020-02-27,0.0010065415904
2020-02-28,0.0058480826696999
2020-03-02,0.0034247525000000003
2020-03-03,0.000656973
2020-03-04,-0.0021243457000000004
2020-03-05,0.0025989436
2020-03-06,0.0004886330000001
2020-03-09,0.0062513976999999995
2020-03-10,0.00023865999999999991
2020-03-11,-0.0019518299999999999
2020-03-12,-0.0013365499999999997
2020-03-13,0.00169112
2020-03-16,0.00133653
2020-03-17,-0.0034919699999999996
2020-03-18,-0.0003310399999999999
2020-03-19,-0.00572142
2020-03-20,-0.0022304
2020-03-23,0.00212446
2020-03-24,0.003255
2020-03-25,0.009373059999999999
2020-03-26,0.01435279
2020-03-27,0.007620824666
2020-03-30,0.0007597415589999999
2020-03-31,-5.607381600000001e-05
2020-04-01,-0.00236652
2020-04-02,-0.00286564
2020-04-03,-0.0018282
2020-04-06,-5.835e-05
2020-04-07,0.00312898
2020-04-08,-0.00087353
2020-04-09,0.00227717
2020-04-10,0.00019835000000000002
2020-04-13,-0.00085218
2020-04-14,0.00226118
2020-04-15,0.0004861999999999998
2020-04-16,-0.0006120060000001001
2020-04-17,0.00102599
2020-04-20,-0.00052432
2020-04-21,0.00684495
2020-04-22,-0.0044095746000000005
2020-04-23,-0.0062646354
2020-04-24,0.0065144325
2020-04-27,-0.0019116089727999998
2020-04-28,-0.0065888179655
2020-04-29,0.010848245192
2020-04-30,0.0157871157767
2020-05-01,-0.0027496307049999997
2020-05-04,-0.0097642498440999
2020-05-05,-0.0083679687305998
2020-05-06,-0.008391335108000001
2020-05-07,0.007635385885
2020-05-08,0.003620372462
2020-05-11,-0.000616458659
2020-05-12,-0.0011637749673
2020-05-13,-0.0034482503540000002
2020-05-14,0.0006092372801999
2020-05-15,-0.002704334764
2020-05-18,0.0120432298409999
2020-05-19,0.0026302479225
2020-05-20,0.0057420138829998996
2020-05-21,-0.0036040213109998
2020-05-22,-0.004937468432
2020-05-25,0.0005367487551
2020-05-26,0.011664690096
2020-05-27,0.00029814048339999984
2020-05-28,0.0058074247279999
2020-05-29,0.0034950390079999
2020-06-01,0.010962537539
2020-06-02,0.0080306494539999
2020-06-03,0.0036828995550000003
2020-06-04,0.0029018571319999998
2020-06-05,0.001680897535
2020-06-08,0.001851352668
2020-06-09,-0.0007879570497
2020-06-10,0.001915268653
2020-06-11,-0.007574234085
2020-06-12,-0.000211432808873
2020-06-15,0.002408731736
2020-06-16,-0.0014055339261
2020-06-17,-0.0006924270644999
2020-06-18,-0.0026858003070000004
2020-06-19,-0.0017291392249999
2020-06-22,0.0060101206399999
2020-06-23,0.0010954678554
2020-06-24,-0.003702127202
2020-06-25,-8.221319470009999e-05
2020-06-26,-0.0016508303
2020-06-29,0.0012429916348
2020-06-30,0.006030807814999799
2020-07-01,4.91732397e-05
2020-07-02,3.160440699999999e-05
2020-07-03,0.0009254668597999
2020-07-06,0.0024749714619999
2020-07-07,-0.0013453411309999
2020-07-08,0.003511171643
2020-07-09,-0.0012513923761999
2020-07-10,-0.0006263451415
2020-07-13,0.005419836729
2020-07-14,0.0026870135759999
2020-07-15,0.00060292017
2020-07-16,-0.001034334884
2020-07-17,0.0011684503014999
2020-07-20,0.002887084624
2020-07-21,0.003668651749
2020-07-22,0.0061431301961999
2020-07-23,0.0105544244749
2020-07-24,-0.004643928674
2020-07-27,0.0033770437410000002
2020-07-28,-0.0010389557202
2020-07-29,0.002913998598
2020-07-30,0.0007438776519
2020-07-31,-0.00015314368599999998
2020-08-03,-0.0003636599513
2020-08-04,0.0017746486919999
2020-08-05,0.0024246594689999
2020-08-06,0.0007519497389998
2020-08-07,-0.003893934441
2020-08-10,-0.0007934075091
2020-08-11,0.0013807635567999
2020-08-12,0.002522461039
2020-08-13,0.00028615402996
2020-08-14,0.0003791070214999
2020-08-17,0.0014348505989999999
2020-08-18,0.0016201153799999
2020-08-19,-0.002118108993
2020-08-20,0.0007633126494999
2020-08-21,-0.000673277382
2020-08-24,-0.0003258335857
2020-08-25,0.0005961391689998
2020-08-26,0.0017741581099999998
2020-08-27,1.6615336600099995e-05
2020-08-28,0.003698312498
2020-08-31,0.0019848922170998
2020-09-01,0.0014711351625
2020-09-02,0.0025228385705
2020-09-03,-0.001673466473
2020-09-04,0.00018785252809000002
2020-09-07,0.0007646658319
2020-09-08,0.0018475009750998999
2020-09-09,-0.0016368306902
2020-09-10,-0.0002249704463
2020-09-11,-0.0007377389383999
2020-09-14,-0.00011010227979999998
2020-09-15,0.0011061130157999
2020-09-16,0.0044227865015
2020-09-17,-0.0015591304210998001
2020-09-18,-0.0016300993425999999
2020-09-21,0.0017783436889999998
2020-09-22,0.005239164228
2020-09-23,0.00258228657
2020-09-24,0.0012638506759999999
2020-09-25,0.0012046206879998999
2020-09-28,0.0023367405359
2020-09-29,-0.0017929219057999
2020-09-30,0.0031344053776460002
2020-10-01,-0.0018910523052999
2020-10-02,0.0022280045987
2020-10-05,-0.000522844714
2020-10-06,-0.0015173891657
2020-10-07,0.0012632213119999
2020-10-08,0.0015370520135
2020-10-09,0.0002534544965
2020-10-12,0.0014357724473999
2020-10-13,-0.0014461468700000001
2020-10-14,0.0009000980423
2020-10-15,-0.00099980561545
2020-10-16,-0.0001166597200599
2020-10-19,-0.0010212282369001
2020-10-20,-0.0008655215283
2020-10-21,0.001734470424
2020-10-22,-0.0005804846248999
2020-10-23,-0.0014734907554599
2020-10-26,0.000386135871
2020-10-27,0.0005220721804998001
2020-10-28,4.232181699999999e-05
2020-10-29,0.0009181116302998999
2020-10-30,0.0009727255025999999
2020-11-02,0.0002089385696001
2020-11-03,0.0013207813079999
2020-11-04,-0.0007655696272999999
2020-11-05,0.0009791314544
2020-11-06,-0.0015155839520999
2020-11-09,0.0063903136919999
2020-11-10,0.0021633439962
2020-11-11,0.0019717057219998998
2020-11-12,0.00023638337599989995
2020-11-13,-0.000313445313
2020-11-16,-0.002532639207
2020-11-17,0.0008622918728999
2020-11-18,-0.0007848996079998999
2020-11-19,-0.0014506269497999
2020-11-20,0.001944170657
2020-11-23,0.001016562465
2020-11-24,-0.0038871932569999
2020-11-25,-5.867653269980001e-05
2020-11-26,3.67581079999e-05
2020-11-27,-0.003149405627
2020-11-30,0.0014723528230999
2020-12-01,-0.0030675484340000995
2020-12-02,0.0003504393064
2020-12-03,-0.004383544825
2020-12-04,-0.001868643857
2020-12-07,-0.00108474366159
2020-12-08,0.001110979152
2020-12-09,0.0009314744079
2020-12-10,-0.002561671645
2020-12-11,-0.0012027570993999
2020-12-14,0.0015018331118999998
2020-12-15,-0.0031612367089999998
2020-12-16,0.0019312665989999
2020-12-17,-0.0015441546160001
2020-12-18,0.004281385192
2020-12-21,0.002101599602
2020-12-22,0.00315131927
2020-12-23,-0.0012949704180001001
2020-12-24,0.0023151980159999996
2020-12-25,-0.002056177391
2020-12-28,0.0024347587289999997
2020-12-29,-0.0028955314169998
2020-12-30,-0.00423136726
2020-12-31,0.009134252633
2021-01-01,-0.0005288155788999
2021-01-04,-0.002657414246
2021-01-05,-0.0013384470147799
2021-01-06,0.0016279179480000999
2021-01-07,0.003511687108
2021-01-08,0.00026809069799990003
2021-01-11,0.0006841746260399
2021-01-12,-0.0010304784764001
2021-01-13,0.0002991000014999
2021-01-14,3.377791799999961e-06
2021-01-15,-0.0008624154052
2021-01-18,-0.0008454980142
2021-01-19,-0.00013719453820000007
2021-01-20,-0.00151211114
2021-01-21,0.00109364327101
2021-01-22,0.0007665040094998999
2021-01-25,-0.0005452109879999
2021-01-26,0.00028178938285999995
2021-01-27,0.0011190056106999001
2021-01-28,0.0012636067078
2021-01-29,0.0020557748616999
2021-02-01,0.00012983562240000005
2021-02-02,-0.00010372354106999998
2021-02-03,0.0002192473382
2021-02-04,0.001276357022
2021-02-05,0.0013514846174999
2021-02-08,-0.0005818348852999
2021-02-09,-0.001896968154
2021-02-10,-0.00016429999999999998
2021-02-11,0.0013417812901999
2021-02-12,0.0009239896243
2021-02-15,0.0027038908029998997
2021-02-16,0.0029182775169999
2021-02-17,-0.0022016554677
2021-02-18,0.00015983461379990001
2021-02-19,-2.8569651210000004e-05
2021-02-22,-0.0006604458643
2021-02-23,-0.0012653016829999
2021-02-24,0.0033363772769999
2021-02-25,0.0032106547029999996
2021-02-26,0.0109908747400001
2021-03-01,-0.00262697486
2021-03-02,-0.0010400933900000999
2021-03-03,0.0044337789899999
2021-03-04,0.010231994606
2021-03-05,0.002732460309
2021-03-08,0.004721409939
2021-03-09,-0.0038211767789999
2021-03-10,-0.0005767910172
2021-03-11,-0.0009559166289998999
2021-03-12,0.0034853801019999
2021-03-15,0.000151636477
2021-03-16,-0.0007313316034297999
2021-03-17,-0.00207538989
2021-03-18,0.0014138225930001
2021-03-19,-0.00016581114946000002
2021-03-22,0.004882065683599801
2021-03-23,0.004824680981
2021-03-24,0.0025774780239999
2021-03-25,0.0015959109969999
2021-03-26,-0.00188162141
2021-03-29,0.003087770614
2021-03-30,0.0023328741019999
2021-03-31,0.00012023020760000005
2021-04-01,-0.0005518405089
2021-04-02,-6.892453546e-05
2021-04-05,-0.002632515027
2021-04-06,-0.0009961968462999
2021-04-07,0.0027931263219998998
2021-04-08,-0.0025198707189999997
2021-04-09,0.0018489008479999
2021-04-12,-0.000277707747729
2021-04-13,-0.0010585715414999
2021-04-14,-0.005178450699
2021-04-15,-0.0018739580099999
2021-04-16,0.001171396742
2021-04-19,-0.0028904688709999998
2021-04-20,0.0006116096392999
2021-04-21,-0.0016911792549999
2021-04-22,0.0019203381079999997
2021-04-23,-0.0012651684320000999
2021-04-26,-0.002102997663
2021-04-27,0.002945852778
2021-04-28,-0.0019661704329999997
2021-04-29,0.0018011677299999002
2021-04-30,0.004186998977
2021-05-03,-0.0024375240079998997
2021-05-04,0.004343952327
2021-05-05,-0.003279436782
2021-05-06,-0.001472084903
2021-05-07,-0.004608907454
2021-05-10,0.0006847027485997999
2021-05-11,-0.0004990948777
2021-05-12,0.009002432256999999
2021-05-13,-0.0009656211165999999
2021-05-14,-0.0029471185950001
2021-05-17,0.0018881515059999997
2021-05-18,-0.0028016075959999996
2021-05-19,0.0056026778669997996
2021-05-20,-0.003922633142
2021-05-21,0.001856905914
2021-05-24,-0.002756128044
2021-05-25,-0.00030881624999999993
2021-05-26,-0.0006162693879999
2021-05-27,0.00039032945300000006
2021-05-28,0.001298211818
2021-05-31,-0.002070215942
2021-06-01,-0.00045775029049999996
2021-06-02,0.00022232395959999996
2021-06-03,0.009038881669
2021-06-04,-0.007183055803
2021-06-07,-0.001737139964
2021-06-08,0.002231600787
2021-06-09,0.0013249696139999998
2021-06-10,-0.0023979032279999
2021-06-11,0.0051138412659997995
2021-06-14,0.00035469860273
2021-06-15,0.0023859254
2021-06-16,0.009185185748
2021-06-17,0.009050758931
2021-06-18,0.011875900245000001
2021-06-21,-0.008341243075
2021-06-22,-0.00351898567
2021-06-23,-0.003321807211
2021-06-24,-0.00035050236122
2021-06-25,0.00030692365599990003
2021-06-28,0.0058298141039999
2021-06-29,0.009279929125
2021-06-30,-0.006397738365
2021-07-01,-0.0018561762079997999
2021-07-02,-0.0023181958382
2021-07-05,-0.0004403176359999
2021-07-06,0.005943691302
2021-07-07,0.0008837859756
2021-07-08,0.0123172825559999
2021-07-09,-0.006980874265
2021-07-12,0.0011007659729999
2021-07-13,0.003079756927
2021-07-14,-0.0024696763054
2021-07-15,0.006686898898
2021-07-16,0.00023963446019999998
2021-07-19,0.0115571878119999
2021-07-20,0.0014821046519999
2021-07-21,-0.0045612351239999
2021-07-22,-0.0016346409359999
2021-07-23,3.978103790009996e-05
2021-07-26,-0.0023638235339999997
2021-07-27,0.0045125031049998
2021-07-28,-0.001418002083
2021-07-29,-0.0033873654499999998
2021-07-30,0.0039376708119999
2021-08-02,-0.00037292270759990004
2021-08-03,-0.0032637598009999
2021-08-04,-0.00017280851640009997
2021-08-05,-0.0015107789999999
2021-08-06,0.005316886119
2021-08-09,0.002652517523
2021-08-10,-0.0006524005616
2021-08-11,-0.0037411413269998997
2021-08-12,0.004844838549
2021-08-13,-0.005873868955
2021-08-16,0.0028993779559998998
2021-08-17,0.012000409129
2021-08-18,0.0014074584140999
2021-08-19,0.0064234873049999995
2021-08-20,-4.981536210009994e-05
2021-08-23,-0.0064213039129999
2021-08-24,-0.003678212958
2021-08-25,-0.0015998824269999
2021-08-26,0.0029094115389999
2021-08-27,-0.00669153876
2021-08-30,0.0007253606079999999
2021-08-31,-0.001828168156
2021-09-01,-0.002286113406
2021-09-02,-0.004424679778
2021-09-03,-0.004436420839
2021-09-06,0.0030163229499999998
2021-09-07,0.0060427979739998
2021-09-08,0.00053112995918
2021-09-09,-0.003447812157
2021-09-10,-0.0005491999367
2021-09-13,-0.0003536635863
2021-09-14,0.002735179168
2021-09-15,-0.0030862778300000003
2021-09-16,0.006381718903000001
2021-09-17,0.0060391442249999
2021-09-20,0.003022674304
2021-09-21,0.001730681694
2021-09-22,0.0019839242290999
2021-09-23,-0.008541783748999901
2021-09-24,0.007373057735999999
2021-09-27,0.0003995544731999
2021-09-28,0.009448372648999899
2021-09-29,0.0104550777119999
2021-09-30,-0.0031102519256
2021-10-01,-0.0041484590329999
2021-10-04,-0.0028652362759999
2021-10-05,0.0015108589464999
2021-10-06,0.0042473679109999
2021-10-07,-0.0007407494730998999
2021-10-08,-0.0007697029330001
2021-10-11,0.0030020204103
2021-10-12,0.002182491423
2021-10-13,-0.006107403212
2021-10-14,-0.0027774235779999
2021-10-15,-0.0014829380440001
2021-10-18,0.0005192941331
2021-10-19,-0.007574215225
2021-10-20,-0.003469782496
2021-10-21,0.003160739295
2021-10-22,0.0027426428449
2021-10-25,-0.0022187001989
2021-10-26,0.0065588501434999
2021-10-27,0.00022873604279999998
2021-10-28,-0.0041046446529999
2021-10-29,0.007518968648
2021-11-01,-0.00011217373700000009
2021-11-02,0.006800855894999999
2021-11-03,-0.005377441195999999
2021-11-04,0.009493805208999999
2021-11-05,-0.0013652797989999
2021-11-08,-0.0039815653759999
2021-11-09,0.0014334668320000001
2021-11-10,0.010728177047999901
2021-11-11,0.003083687576
2021-11-12,-0.0012396979492
2021-11-15,0.0028384239569998
2021-11-16,0.0052524933589999
2021-11-17,0.002652035652
2021-11-18,-0.0033383682459999
2021-11-19,0.005724400976999999
2021-11-22,0.003936455418
2021-11-23,0.00056201170899
2021-11-24,0.0045813821899999
2021-11-25,4.2470866870999996e-05
2021-11-26,-0.0012795904139999
2021-11-29,0.0034687698149998996
2021-11-30,-0.00042613131739990004
2021-12-01,0.0014994818449999
2021-12-02,0.0001186828356
2021-12-03,0.00263330458
2021-12-06,-0.0004538853919999
2021-12-07,0.00046826231312990004
2021-12-08,-0.001323969643
2021-12-09,0.001656047047
2021-12-10,0.0004412371785000001
2021-12-13,0.0007654361903998999
2021-12-14,7.594000569010001e-05
2021-12-15,-0.0011896287889999
2021-12-16,0.0007779748450002001
2021-12-17,0.002785785774
2021-12-20,0.0008900625742
2021-12-21,0.0002791917384001
2021-12-22,0.00045030558459999994
2021-12-23,-0.0012821114730000999
2021-12-24,0.00019180074100000002
2021-12-27,-0.001210504349
2021-12-28,-0.0005072306893
2021-12-29,-0.001272114152
2021-12-30,0.0006912063878
2021-12-31,0.0031210422636
2022-01-03,-0.0032323341573299996
2022-01-04,-0.0028774868109997997
2022-01-05,0.0002934477064999
2022-01-06,0.001121117595
2022-01-07,-0.00020565369400000002
2022-01-10,0.00027957251989990005
2022-01-11,-3.3764767599999985e-05
2022-01-12,0.00040163393300000016
2022-01-13,0.0007473496279999
2022-01-14,0.0009727217100002
2022-01-17,-0.000287348514
2022-01-18,0.0007002159143002
2022-01-19,-5.954966899999998e-05
2022-01-20,0.0007998953914
2022-01-21,0.001574079768
2022-01-24,0.0003872312014999
2022-01-25,-0.0003629133447999
2022-01-26,-0.0006036330989999
2022-01-27,0.0019456448719
2022-01-28,0.0005004608668999999
2022-01-31,0.010195305655
2022-02-01,0.003298945451
2022-02-02,0.001261207243
2022-02-03,-0.0005166929579999
2022-02-04,-0.000941071619
2022-02-07,0.0023744488899999
2022-02-08,0.00050727371093
2022-02-09,0.0009059289789
2022-02-10,-0.0008163199359999001
2022-02-11,0.0018201307259999
2022-02-14,0.0009067207477999001
2022-02-15,-0.0005789915063
2022-02-16,0.0007123143081999999
2022-02-17,0.0003609908479999
2022-02-18,0.000933582883
2022-02-21,0.001292332368
2022-02-22,0.0038856995880001003
2022-02-23,0.0022815610849999998
2022-02-24,0.0138676703100001
2022-02-25,-0.0018983659360001
2022-02-28,0.0018167698519998999
2022-03-01,0.0004126694774999
2022-03-02,-0.002707671427
2022-03-03,0.0024284887019999
2022-03-04,0.0044837453910000005
2022-03-07,0.0023617933219999
2022-03-08,0.0042171580071
2022-03-09,0.0057227578810000995
2022-03-10,-0.0016975626069999999
2022-03-11,0.0016293761227
2022-03-14,0.010096312625
2022-03-15,-0.0010768579130001
2022-03-16,8.27059230001999e-05
2022-03-17,-0.00011181931649990005
2022-03-18,-4.3478912100000026e-05
2022-03-21,0.00045988045700000004
2022-03-22,-0.0004698208422001
2022-03-23,-0.0009352657349999999
2022-03-24,0.00200738662505
2022-03-25,-0.0009264897510699
2022-03-28,0.00661606109
2022-03-29,-0.0014503347730000999
2022-03-30,-0.0015829622029998
2022-03-31,-0.00048432238480000005
2022-04-01,0.0012059360533
2022-04-04,0.002290678308
2022-04-05,0.0013395676309999
2022-04-06,0.002569209511
2022-04-07,0.001967917658
2022-04-08,0.0026782450309999995
2022-04-11,0.0029080512399999
2022-04-12,-0.0016768931554
2022-04-13,0.00034598062029999997
2022-04-14,0.0008675789360000001
2022-04-15,-8.488880529999995e-05
2022-04-18,0.00091534119695
2022-04-19,0.002644718182
2022-04-20,-0.0010812096555999
2022-04-21,0.0021317539165
2022-04-22,0.0047791586220000005
2022-04-25,0.0013817642058
2022-04-26,0.0058257968799999
2022-04-27,0.0013367588889999999
2022-04-28,0.0040605692659999
2022-04-29,-0.002510997874
2022-05-02,0.002357762957
2022-05-03,-0.001060064777
2022-05-04,-0.00682172581
2022-05-05,0.009266966708999999
2022-05-06,0.0008616891811
2022-05-09,-0.003137504135
2022-05-10,0.0006617232117999
2022-05-11,0.0003384321475
2022-05-12,0.0030379681579999996
2022-05-13,-0.000959872407
2022-05-16,-0.0009897355279999
2022-05-17,-0.0023975143569999
2022-05-18,0.0011362529399999
2022-05-19,-0.004025750819
2022-05-20,-0.0003378008216999
2022-05-23,-0.0021686204079999
2022-05-24,-0.0010696943269998
2022-05-25,0.0007861792039997999
2022-05-26,-0.0008527335769999001
2022-05-27,-0.0016785610579999
2022-05-30,-0.00027939089799980003
2022-05-31,0.0029320494739999998
2022-06-01,0.0043092421099999
2022-06-02,-0.0045020819989999
2022-06-03,0.005426807017
2022-06-06,0.0006519802329999
2022-06-07,-0.0023383448399999
2022-06-08,0.003374132719
2022-06-09,0.0095988532699999
2022-06-10,0.009636198463
2022-06-13,0.015455473160999999
2022-06-14,0.0031817311069999997
2022-06-15,-0.0016519068520001
2022-06-16,-0.00017576319059999998
2022-06-17,0.008734298998999999
2022-06-20,0.00010755659559999998
2022-06-21,-0.0003540570615999
2022-06-22,-0.00029676033999989995
2022-06-23,0.0010251626229998
2022-06-24,0.00016013467289999997
2022-06-27,0.003566870047
2022-06-28,0.0017261442219999
2022-06-29,0.0038281171109999
2022-06-30,-0.00261434848
2022-07-01,0.0062280195119998995
2022-07-04,0.0008570799459999999
2022-07-05,0.01400583886
2022-07-06,0.004077699852
2022-07-07,-0.0017410781151
2022-07-08,-0.0008781973423
2022-07-11,0.006696956863
2022-07-12,-0.00019839218155
2022-07-13,-6.913905429999998e-05
2022-07-14,0.0010587211795
2022-07-15,-0.001045599357
2022-07-18,-0.001374427136
2022-07-19,-0.0013776167609999
2022-07-20,0.00022228655099980002
2022-07-21,-0.0010404160379998998
2022-07-22,0.00024681808719989996
2022-07-25,-0.0011269356528998999
2022-07-26,0.000868089107
2022-07-27,-0.0034324946649999
2022-07-28,-0.0011633126396999
2022-07-29,-1.9124152000000004e-05
2022-08-01,-0.0032671799319999
2022-08-02,0.005962737426
2022-08-03,0.0006156660247999999
2022-08-04,-0.0013099061209999
2022-08-05,0.0058346320390000005
2022-08-08,-0.002501004286
2022-08-09,0.0016863869625
2022-08-10,-0.007124189838999999
2022-08-11,-0.00022522743459999994
2022-08-12,0.0001998666788
2022-08-15,0.003734943804
2022-08-16,0.00033609539852
2022-08-17,0.0040911586849999
2022-08-18,0.002722707653
2022-08-19,0.0037084887659999
2022-08-22,0.001520109662
2022-08-23,-0.0027107689589999
2022-08-24,0.0013884382878
2022-08-25,-0.003122757702
2022-08-26,0.0045408314120000005
2022-08-29,0.0023287638629999998
2022-08-30,0.003003507059
2022-08-31,0.0023898166269999003
2022-09-01,-0.0006516310893999999
2022-09-02,0.0072120900609999
2022-09-05,-0.00166689802
2022-09-06,-0.0071731844210001
2022-09-07,0.0018986785902
2022-09-08,0.0007445172883999
2022-09-09,-0.0028488006869999997
2022-09-12,-0.0005044671975999
2022-09-13,0.003996032445
2022-09-14,-0.0016005019958999999
2022-09-15,0.0046074873357999
2022-09-16,0.0075451857589998
2022-09-19,0.0020212669949999
2022-09-20,-0.002872179622
2022-09-21,-0.0006071755832
2022-09-22,-0.00016823628049999998
2022-09-23,0.009067167458999999
2022-09-26,0.005085225505999999
2022-09-27,0.0002438577833
2022-09-28,-0.001671452035
2022-09-29,-0.001789334141
2022-09-30,0.0006847232162
2022-10-03,-0.0004581690189999
2022-10-04,-0.003416450733
2022-10-05,0.002019740275
2022-10-06,0.0017385310759999
2022-10-07,0.0015908518949999
2022-10-10,0.0019957037939999
2022-10-11,0.0005773278235999
2022-10-12,-0.00023254104118
2022-10-13,-0.001504512483
2022-10-14,0.0013558743093
2022-10-17,-0.0018268762309999
2022-10-18,-0.0002573180864999
2022-10-19,0.0013611996369999
2022-10-20,-0.0002547869742
2022-10-21,-0.001835523075
2022-10-24,0.0007108529028999
2022-10-25,-0.0017706979249998
2022-10-26,-0.002097353469
2022-10-27,0.001456643027
2022-10-28,0.0003716122636998
2022-10-31,0.0009961264275998
2022-11-01,-2.621105930000002e-06
2022-11-02,0.0006794727227
2022-11-03,0.000758189621
2022-11-04,-0.003418330175
2022-11-07,-0.0005945095199999
2022-11-08,-0.0003905340216
2022-11-09,-0.0005516778867
2022-11-10,0.000699705044
2022-11-11,0.001666579026
2022-11-14,-0.000371807379
2022-11-15,0.00080738102
2022-11-16,0.0005973178131
2022-11-17,-0.0007622538016
2022-11-18,-0.0004837849663
2022-11-21,-0.001525166117
2022-11-22,0.001138918357
2022-11-23,0.0024755070089999
2022-11-24,0.0004701228276998
2022-11-25,-0.0002726361225
2022-11-28,-0.0038168148299999
2022-11-29,-0.0003025506191
2022-11-30,0.002404748786
2022-12-01,0.0040013264139999
2022-12-02,0.0004695503808
2022-12-05,-0.0025835704080001
2022-12-06,-0.0008407975737999
2022-12-07,0.001390337098
2022-12-08,0.001680484223
2022-12-09,-7.195566694000001e-05
2022-12-12,-0.0008200019289
2022-12-13,0.004194118028
2022-12-14,0.001232746286
2022-12-15,0.005102621668999999
2022-12-16,-0.002135349992
2022-12-19,-0.002039012431
2022-12-20,0.0038001574389999
2022-12-21,0.003416584615
2022-12-22,1.853069600000001e-05
2022-12-23,0.0011769090257
2022-12-26,0.0004839632402
2022-12-27,0.0009932254224299
2022-12-28,-4.493785400000005e-05
2022-12-29,5.669430489999992e-05
2022-12-30,-0.000304629494
2023-01-02,-0.0013623658191999
2023-01-03,-0.0035436111819999
2023-01-04,0.003892294063
2023-01-05,-0.002994064638
2023-01-06,0.004343157054
2023-01-09,0.0028992402699999
2023-01-10,0.0004078438952
2023-01-11,0.0010170616812
2023-01-12,0.0004561151000001
2023-01-13,-0.0026239991038
2023-01-16,0.0024868875409999997
2023-01-17,-0.0021461690102
2023-01-18,0.010212447422
2023-01-19,0.002129418011
2023-01-20,0.000116089426
2023-01-23,0.0012157085707
2023-01-24,-0.00014365618563
2023-01-25,0.0004954874906
2023-01-26,-0.000811496357
2023-01-27,-0.0009172636434
2023-01-30,0.0011111676832
2023-01-31,0.000811075516
2023-02-01,6.776079440000003e-05
2023-02-02,-0.0009154747532
2023-02-03,0.006076214304
2023-02-06,0.00132102577805
2023-02-07,4.43894133e-05
2023-02-08,-8.053617024000001e-05
2023-02-09,0.000557470102
2023-02-10,-0.0008921228470999
2023-02-13,0.0004415663703
2023-02-14,4.00214493e-05
2023-02-15,-0.000751200329
2023-02-16,-0.0002121472754
2023-02-17,0.0004822434266
2023-02-20,-0.0003674058404
2023-02-21,-0.0003134522653999
2023-02-22,-0.0008363600272
2023-02-23,-3.6694757200000005e-05
2023-02-24,-0.00080643943
2023-02-27,0.00124745136
2023-02-28,-0.0005848788581
2023-03-01,0.0013399541733
2023-03-02,-0.001329989247
2023-03-03,0.000938783307
2023-03-06,0.0010762855255999
2023-03-07,-0.002334398571
2023-03-08,-0.0001804729556
2023-03-09,0.00129238791
2023-03-10,0.0016664586859999
2023-03-13,0.001911393143
2023-03-14,-0.0009196786505
2023-03-15,-0.001269191149
2023-03-16,0.0003565873698
2023-03-17,0.001463071632
2023-03-20,0.0016874948959999
2023-03-21,-0.0012058107818
2023-03-22,0.001043608654
2023-03-23,2.3811048199999974e-05
2023-03-24,-0.0004694680839999
2023-03-27,0.0006943170396
2023-03-28,0.0008292836377
2023-03-29,-0.0009252670297999
2023-03-30,0.001308766606
2023-03-31,-0.0007793194429999
2023-04-03,0.0010248107925999
2023-04-04,0.0019857792899999
2023-04-05,0.0002600319954999
2023-04-06,-0.00033485814939999996
2023-04-07,-0.0004083579363
2023-04-10,-0.0002941670500001
2023-04-11,0.00011012306400000002
2023-04-12,-7.848367500009994e-05
2023-04-13,-0.0007414878969002
2023-04-14,0.0009519225890001
2023-04-17,0.0033474382549999
2023-04-18,-0.001917826663
2023-04-19,0.0012311466361
2023-04-20,-0.0009261978539999
2023-04-21,-0.0007701132894999
2023-04-24,-0.0037124897079999
2023-04-25,0.001214824321
2023-04-26,0.0040160154479999
2023-04-27,0.0002119454269
2023-04-28,0.0004028654404999
2023-05-01,-0.001507333821
2023-05-02,-0.0004391362727999
2023-05-03,0.001614050616
2023-05-04,-0.0001253629564
2023-05-05,0.0010721264027
2023-05-08,-0.0003854126427
2023-05-09,8.645789660010001e-05
2023-05-10,-3.397636001000056e-07
2023-05-11,-0.00189373849
2023-05-12,-0.0007855602139999
2023-05-15,0.0012962277446
2023-05-16,-0.00053430188581
2023-05-17,4.354766180010008e-05
2023-05-18,-0.0012528039289998
2023-05-19,0.0005583612498
2023-05-22,7.394052662e-05
2023-05-23,-0.0006578847493999
2023-05-24,-0.0009336180761
2023-05-25,-0.0005563740056
2023-05-26,0.0002099066886
2023-05-29,0.00032774026283
2023-05-30,0.000805804066
2023-05-31,-0.001828977686
2023-06-01,0.0028404536449999
2023-06-02,-0.0012484830169999
2023-06-05,-0.0002235426661999
2023-06-06,-1.304569360000002e-05
2023-06-07,-0.0007956666303
2023-06-08,0.003536109411
2023-06-09,0.0010542123371
2023-06-12,-0.001184179435
2023-06-13,0.0025036064509999
2023-06-14,0.002463938182
2023-06-15,0.002876039212
2023-06-16,0.00105719050634
2023-06-19,-0.0004035321520999
2023-06-20,0.0005236826620001
2023-06-21,-0.00013235059600000005
2023-06-22,0.0002672033296999
2023-06-23,0.0009926770253999
2023-06-26,0.00040094536969989997
2023-06-27,0.0006946243366999
2023-06-28,-0.0007598945379
2023-06-29,-0.000658558871
2023-06-30,0.0011644798566
2023-07-03,0.0005809920994999
2023-07-04,-0.00010231926039999998
2023-07-05,0.001920186374
2023-07-06,0.002400695003
2023-07-07,-0.0015020787954
2023-07-10,0.00040658662909999997
2023-07-11,-0.0010851306460000001
2023-07-12,-0.0008220342708
2023-07-13,-0.0038163294079998997
2023-07-14,0.004316571222
2023-07-17,-6.580721830000001e-05
2023-07-18,0.00028470987389999996
2023-07-19,0.0019360943709999
2023-07-20,0.0015777507953
2023-07-21,0.00473811421
2023-07-24,-0.0008906136349999999
2023-07-25,-0.0015912139009998999
2023-07-26,5.454566679989999e-05
2023-07-27,0.0017460424406999
2023-07-28,0.0042770029449999995
2023-07-31,-0.0012596368519999
2023-08-01,0.004686702449
2023-08-02,0.0031247760830000002
2023-08-03,-0.0004309204079
2023-08-04,-9.234760910000004e-05
2023-08-07,0.00027531212968999995
2023-08-08,0.0023882719259999
2023-08-09,0.0001482278095
2023-08-10,0.0012344683379997999
2023-08-11,0.0006234015251
2023-08-14,-0.0006847885860001
2023-08-15,0.001744021837
2023-08-16,0.0013601939735999999
2023-08-17,0.0008321087196
2023-08-18,0.0001327523655999
2023-08-21,-0.0006048937798
2023-08-22,0.00012511297958
2023-08-23,-0.0011021765479999
2023-08-24,0.001284673006
2023-08-25,0.0003159600217
2023-08-28,-0.0004566099256
2023-08-29,-0.0021395124089999
2023-08-30,0.0004858899025
2023-08-31,-0.0002823486773
2023-09-01,0.0006056989256
2023-09-04,0.000293105884
2023-09-05,0.0023196589519999
2023-09-06,-0.00015456914911
2023-09-07,0.0001054228976999
2023-09-08,0.0001122012873
2023-09-11,-0.0017372536729999
2023-09-12,0.0001347076
2023-09-13,0.0002802500928
2023-09-14,-0.000308236882
2023-09-15,0.0001120047935
2023-09-18,-0.0002675021965
2023-09-19,-4.75920925001e-05
2023-09-20,0.0001070880059
2023-09-21,0.0002801898462
2023-09-22,-0.0006163628293999
2023-09-25,0.0005516591098
2023-09-26,0.000577895987
2023-09-27,0.001341709743
2023-09-28,-0.0018757727749999
2023-09-29,-0.0001337223834
2023-10-02,0.031094737976
2023-10-03,0.012604684878
2023-10-04,-0.005690672886999999
2023-10-05,9.392801540000003e-05
2023-10-06,-0.01402579554567
2023-10-09,0.0116027584169
2023-10-10,-0.00762838415841
2023-10-11,-0.0067720849250000005
2023-10-12,0.0064266906869999
2023-10-13,0.0054320977908999
2023-10-16,-0.0067933358250998
2023-10-17,-0.007161034503899899
2023-10-18,0.00444599299747
2023-10-19,-0.0057511264195999
2023-10-20,-0.0019409573208
2023-10-23,-0.0088463138283
2023-10-24,0.0144355625713999
2023-10-25,-0.0053196830573001
2023-10-26,4.0314325100000015e-05
2023-10-27,0.0006441226462997999
2023-10-30,0.00031065613749999997
2023-10-31,-0.0030431947243
2023-11-01,0.000366615348
2023-11-02,-0.0001240717483
2023-11-03,0.0022207353004
2023-11-06,-0.0011604465882999
2023-11-07,0.0005964588673
2023-11-08,-0.0002853637091001
2023-11-09,0.0002668996540999
2023-11-10,-0.00010470112290000003
2023-11-13,0.00034020487989999996
2023-11-14,0.0018203331329000002
2023-11-15,-0.002304804589
2023-11-16,0.0010517769878000001
2023-11-17,0.0007034371426
2023-11-20,0.0005693887943
2023-11-21,0.0007000125529
2023-11-22,0.00013906181786
2023-11-23,0.0002830943356
2023-11-24,0.0005158524069
2023-11-27,-0.0005330416758
2023-11-28,-0.0005566445692
2023-11-29,0.0007483940830999
2023-11-30,-0.0001564228520001
2023-12-01,-0.0005474932801999
2023-12-04,0.0002882960214
2023-12-05,0.000981473944
2023-12-06,-0.0003398197885
2023-12-07,-0.001663283343
2023-12-08,0.0002176088633
2023-12-11,0.0008055058279999
2023-12-12,-0.0001761645565999
2023-12-13,-0.00264595549
2023-12-14,0.000806129881
2023-12-15,-0.0007197527734001
2023-12-18,-0.0006203978828
2023-12-19,0.0002457415182
2023-12-20,-0.0006176527193999
2023-12-21,-0.00162057076
2023-12-22,0.00011042047578
2023-12-25,-0.00011268489713
2023-12-26,-6.101651050000002e-05
2023-12-27,0.0002204063395
2023-12-28,0.003217527622
2023-12-29,0.0002361395999999
2024-01-01,0.0026861243669999
2024-01-02,0.0006203823403
2024-01-03,0.002004916698
2024-01-04,0.0012077005159
2024-01-05,0.0007268450618
2024-01-08,0.001274775776
2024-01-09,-0.0004520479231999
2024-01-10,0.0006282180572
2024-01-11,0.0003227438342001
2024-01-12,0.0004221022016
2024-01-15,0.00254584698
2024-01-16,-0.002235425101
2024-01-17,0.0007846955385
2024-01-18,0.0003139389066999
2024-01-19,5.554505284000001e-05
2024-01-22,-3.2415575000000136e-06
2024-01-23,-0.0003488017788
2024-01-24,0.0003925624228
2024-01-25,-7.503635610010001e-05
2024-01-26,-6.97463211e-05
2024-01-29,-5.095668500000003e-06
2024-01-30,-4.904853031e-05
2024-01-31,-0.0008165136579999
2024-02-01,0.001256151798
2024-02-02,-0.001020359699
2024-02-05,-0.001791371278
2024-02-06,0.0008787021498999
2024-02-07,0.0008394588009998
2024-02-08,-5.307731940000001e-05
2024-02-09,0.0001719415462299
2024-02-12,0.0006330786029
2024-02-13,-0.0003796391013999
2024-02-14,-0.0008301907428
2024-02-15,-0.000124748299
2024-02-16,0.00019051995809
2024-02-19,-0.000295294781
2024-02-20,0.0007251691197
2024-02-21,9.5984728059e-05
2024-02-22,0.0002654187401999
2024-02-23,0.0005228417932
2024-02-26,0.0001151177693
2024-02-27,0.0003445099884
2024-02-28,-0.0001324331753
2024-02-29,-0.0008902163345999
2024-03-01,0.0014621083966
2024-03-04,0.00022743358070000005
2024-03-05,0.00021096616178000003
2024-03-06,-0.0007173569650997999
2024-03-07,0.0008770999423999999
2024-03-08,0.0015530081651
2024-03-11,0.00025028210690000003
2024-03-12,0.0004138577588999999
2024-03-13,-0.00022699497091
2024-03-14,0.002560482674
2024-03-15,0.00033572359489989997
2024-03-18,0.0005741866942
2024-03-19,-9.812199699999998e-05
2024-03-20,-0.0006004164416999
2024-03-21,0.0005280502038999
2024-03-22,0.0010311043146999
2024-03-25,-0.0004267177004
2024-03-26,0.00010012685869999999
2024-03-27,0.0003626446295
2024-03-28,0.00010390279930010002
2024-03-29,0.0002438636478
2024-04-01,0.00025499280511999997
2024-04-02,-0.0005392331505999
2024-04-03,-0.0009526789219
2024-04-04,0.00025990090703
2024-04-05,8.87663978e-05
2024-04-08,-0.0007837439391999001
2024-04-09,0.0008737058476
2024-04-10,0.0008794954921999999
2024-04-11,0.0008799893657999
2024-04-12,0.0015573743681
2024-04-15,-0.00016441560720000003
2024-04-16,-0.005735810328999899
2024-04-17,0.003749162924
2024-04-18,-0.0019149223859999999
2024-04-19,-0.002554400496
2024-04-22,0.002045160036
2024-04-23,0.0067994502489999
2024-04-24,0.0005050117984999999
2024-04-25,0.001315082613
2024-04-26,0.0002690868712999
2024-04-29,0.004852864554
2024-04-30,-0.004527567164
2024-05-01,0.002508344566
2024-05-02,0.0015163235969998
2024-05-03,0.002331510334
2024-05-06,0.0007757421514
2024-05-07,-0.001653490451
2024-05-08,-0.001043309299
2024-05-09,0.001865815031
2024-05-10,-0.0007420138146
2024-05-13,0.0006810148153998
2024-05-14,0.001264940013
2024-05-15,0.003966014433
2024-05-16,-0.0005050860736
2024-05-17,0.000869726283
2024-05-20,-0.0005003505431
2024-05-21,0.0002667509901
2024-05-22,-0.0007324746376
2024-05-23,-0.0004051415368
2024-05-24,0.0006717652233999
2024-05-27,0.0009843344324
2024-05-28,-0.0001212464266999
2024-05-29,-0.001449264985
2024-05-30,0.0008005365459998
2024-05-31,0.0002580829333
2024-06-03,0.001999290507
2024-06-04,-0.001308603393
2024-06-05,0.0004346133153
2024-06-06,0.0003244407022999
2024-06-07,-0.002606623984
2024-06-10,0.0010251007662
2024-06-11,9.153536686e-05
2024-06-12,0.002166967237
2024-06-13,-0.0010691948179999
2024-06-14,-0.001868867887
2024-06-17,0.0001027455900999
2024-06-18,0.0011977234489999
2024-06-19,0.000562301727
2024-06-20,-0.001606547007
2024-06-21,-0.0005774161287
2024-06-24,0.0007737734972
2024-06-25,-0.0002251728949999
2024-06-26,-0.0006434738853
2024-06-27,0.0002044856016
2024-06-28,0.0005413654781999
2024-07-01,0.0002077573437999
2024-07-02,0.000323711689
2024-07-03,0.001615912937
2024-07-04,0.0006285105118
2024-07-05,0.0013953249779999
2024-07-08,-0.0001010683704
2024-07-09,-0.0003422811829
2024-07-10,0.0008883841715
2024-07-11,0.001329301073
2024-07-12,0.0006042106422
2024-07-15,0.0008070765919999
2024-07-16,5.336730868e-05
2024-07-17,0.0015070041608
2024-07-18,0.0010500020873998
2024-07-19,0.00109232907662
2024-07-22,-0.0002172388705
2024-07-23,-0.0015669900408
2024-07-24,-0.0010922472842001
2024-07-25,0.0053073290625999
2024-07-26,0.0001024571486
2024-07-29,0.0004291921819998
2024-07-30,0.001794745323
2024-07-31,0.002556072759
2024-08-01,0.0011275618568
2024-08-02,0.002657340047
2024-08-05,0.000977525712
2024-08-06,0.001745136368
2024-08-07,0.007341035926
2024-08-08,0.001928550503
2024-08-09,-3.2728504500099996e-05
2024-08-12,0.00035293304910009995
2024-08-13,0.001065877508
2024-08-14,2.6264522300000035e-05
2024-08-15,0.0015544465544
2024-08-16,0.001650992208
2024-08-19,0.001111004908
2024-08-20,0.0005684049779
2024-08-21,0.0008233972529999
2024-08-22,0.0001598501762599
2024-08-23,0.001076038474
2024-08-26,1.4267416192999998e-05
2024-08-27,0.0005347565383999
2024-08-28,0.0002536675902999
2024-08-29,-0.0003753691272998
2024-08-30,0.0006527639828
2024-09-02,0.0030619773563
2024-09-03,0.0093515672119999
2024-09-04,-0.0044646892289999
2024-09-05,0.0001063172135999
2024-09-06,0.0008343441753
2024-09-09,0.0002264046572
2024-09-10,7.3749690999999964e-06
2024-09-11,0.000250482077
2024-09-12,-0.0007920415660999
2024-09-13,-0.0013625805649999001
2024-09-16,0.0038124031208
2024-09-17,0.003483202471
2024-09-18,0.00016960378045
2024-09-19,0.0006065188144998
2024-09-20,0.002940808166
2024-09-23,-0.0009611362828
2024-09-24,-0.001609247626
2024-09-25,0.01939914659
2024-09-26,-0.0059088155489999
2024-09-27,0.000968810172
2024-09-30,0.003696126032
2024-10-01,0.001455628562
2024-10-02,0.006798494685
2024-10-03,0.003425314386
2024-10-04,0.005205828924
2024-10-07,0.001002726704
2024-10-08,0.0009718913343
2024-10-09,0.0005078617339
2024-10-10,7.68142328999e-05
2024-10-11,0.0001942917625
2024-10-14,0.0004522946529
2024-10-15,0.0001856342992739
2024-10-16,-0.000811345265
2024-10-17,0.0007004921193
2024-10-18,0.0002193501446999
2024-10-21,9.36350243e-06
2024-10-22,-8.670930559990001e-05
2024-10-23,-0.00028866140234
2024-10-24,0.0004333254154
2024-10-25,0.0004720503771
2024-10-28,0.001020821279
2024-10-29,0.0004674528808
2024-10-30,-0.0006683009557
2024-10-31,-0.0003361355193001
2024-11-01,0.0006738975952
2024-11-04,-0.0005731248454
2024-11-05,-0.0006767804832999
2024-11-06,0.0015818287809999
2024-11-07,-0.0009050268576
2024-11-08,0.0009483107936
2024-11-11,0.0002583702709
2024-11-12,0.0027304903485
2024-11-13,-0.0007717508490999
2024-11-14,0.0006510313210999
2024-11-15,0.0028520133558999
2024-11-18,0.0002597233
2024-11-19,-0.0003637497
2024-11-20,-0.0013337444
2024-11-21,-0.0009408247
2024-11-22,-0.0001859654999999
2024-11-25,0.0035036896999999997
2024-11-26,-0.000349291
2024-11-27,0.00021638340000000014
2024-11-28,-0.0012569806
2024-11-29,-0.0004696047999998
2024-12-02,-0.0016826747999999
2024-12-03,-8.550770000000001e-05
2024-12-04,-0.0009009533
2024-12-05,0.0024349415999999997
2024-12-06,-0.00034348639999999997
2024-12-09,-0.0013715073
2024-12-10,-0.0014638309999999999
2024-12-11,-0.00013782560000009995
2024-12-12,0.0038264566
2024-12-13,0.0082701584
2024-12-16,-0.0031343722
2024-12-17,-0.0115940234999999
2024-12-18,-0.0004500880000000002
2024-12-19,0.008172704199999999
2024-12-20,0.0021738495
2024-12-23,1.9737800000000033e-05
2024-12-24,-0.0010386844
2024-12-25,-0.0010884773
2024-12-26,0.0055189303
2024-12-27,-0.004616216
2024-12-30,0.00020298040000000004
2024-12-31,-0.0035560907000000003
