Date,Close
02/01/2020,3259
03/01/2020,3235.5
06/01/2020,3243.5
07/01/2020,3235.25
08/01/2020,3260.25
09/01/2020,3276
10/01/2020,3264.75
13/01/2020,3289.75
14/01/2020,3288
15/01/2020,3293.75
16/01/2020,3316.5
17/01/2020,3325
21/01/2020,3319.5
22/01/2020,3319.75
23/01/2020,3326
24/01/2020,3293.5
27/01/2020,3239.5
28/01/2020,3278.25
29/01/2020,3272.5
30/01/2020,3289.75
31/01/2020,3224
03/02/2020,3245.5
04/02/2020,3299.5
05/02/2020,3335
06/02/2020,3345.25
07/02/2020,3325.5
10/02/2020,3353
11/02/2020,3357.5
12/02/2020,3380.5
13/02/2020,3377.5
14/02/2020,3381
18/02/2020,3369.25
19/02/2020,3387.25
20/02/2020,3369.25
21/02/2020,3339.25
24/02/2020,3226.25
25/02/2020,3132.5
26/02/2020,3110.25
27/02/2020,2957
28/02/2020,2951
02/03/2020,3065
03/03/2020,2997
04/03/2020,3114.75
05/03/2020,3015.5
06/03/2020,2964
09/03/2020,2747.75
10/03/2020,2865.75
11/03/2020,2740.25
12/03/2020,2469
13/03/2020,2696
16/03/2020,2416.25
17/03/2020,2495.5
18/03/2020,2414
19/03/2020,2403.25
20/03/2020,2437.98
23/03/2020,2220.5
24/03/2020,2438
25/03/2020,2467
26/03/2020,2608
27/03/2020,2524
30/03/2020,2611.25
31/03/2020,2569.75
01/04/2020,2448
02/04/2020,2516.5
03/04/2020,2482.75
06/04/2020,2644.5
07/04/2020,2642
08/04/2020,2735
09/04/2020,2779.75
13/04/2020,2759.25
14/04/2020,2843
15/04/2020,2775
16/04/2020,2787.5
17/04/2020,2870
20/04/2020,2806.5
21/04/2020,2732
22/04/2020,2788.5
23/04/2020,2780.75
24/04/2020,2829.5
27/04/2020,2869
28/04/2020,2867.25
29/04/2020,2941
30/04/2020,2902.5
01/05/2020,2821.75
04/05/2020,2825.25
05/05/2020,2858.25
06/05/2020,2833.5
07/05/2020,2880
08/05/2020,2928.5
11/05/2020,2922.75
12/05/2020,2852.5
13/05/2020,2813
14/05/2020,2847
15/05/2020,2846.5
18/05/2020,2948
19/05/2020,2918.75
20/05/2020,2968.5
21/05/2020,2937
22/05/2020,2953
26/05/2020,2994.5
27/05/2020,3035.5
28/05/2020,3038
29/05/2020,3042
01/06/2020,3054
02/06/2020,3077
03/06/2020,3117.75
04/06/2020,3110.5
05/06/2020,3186.75
08/06/2020,3227.5
09/06/2020,3205.5
10/06/2020,3186
11/06/2020,3010.25
12/06/2020,3034.75
15/06/2020,3073
16/06/2020,3128.75
17/06/2020,3118
18/06/2020,3109
19/06/2020,3161.26
22/06/2020,3110.75
23/06/2020,3118.5
24/06/2020,3049
25/06/2020,3070.75
26/06/2020,3007
29/06/2020,3047.75
30/06/2020,3090.25
01/07/2020,3103
02/07/2020,3129
06/07/2020,3172
07/07/2020,3136.5
08/07/2020,3163.5
09/07/2020,3141
10/07/2020,3178.5
13/07/2020,3148.25
14/07/2020,3183.5
15/07/2020,3219.5
16/07/2020,3194.5
17/07/2020,3214
20/07/2020,3245.25
21/07/2020,3251.25
22/07/2020,3265.5
23/07/2020,3227.5
24/07/2020,3204
27/07/2020,3232.25
28/07/2020,3213
29/07/2020,3252.5
30/07/2020,3248.75
31/07/2020,3263.5
03/08/2020,3288.5
04/08/2020,3300
05/08/2020,3316
06/08/2020,3344.25
07/08/2020,3344.75
10/08/2020,3352.75
11/08/2020,3330
12/08/2020,3370
13/08/2020,3367.75
14/08/2020,3361.5
17/08/2020,3379.75
18/08/2020,3387
19/08/2020,3372.75
20/08/2020,3380.75
21/08/2020,3392.5
24/08/2020,3427.5
25/08/2020,3443
26/08/2020,3480.25
27/08/2020,3485.25
28/08/2020,3504.5
31/08/2020,3499
01/09/2020,3527
02/09/2020,3579.25
03/09/2020,3461.5
04/09/2020,3417.5
08/09/2020,3335.5
09/09/2020,3400.25
10/09/2020,3340.5
11/09/2020,3333.75
14/09/2020,3382.5
15/09/2020,3405.25
16/09/2020,3389.5
17/09/2020,3361.5
18/09/2020,3353.6
21/09/2020,3275
22/09/2020,3299.25
23/09/2020,3231.25
24/09/2020,3238
25/09/2020,3287.25
28/09/2020,3346
29/09/2020,3333.75
30/09/2020,3352
01/10/2020,3367.75
02/10/2020,3339.25
05/10/2020,3393
06/10/2020,3353.25
07/10/2020,3406.75
08/10/2020,3437.5
09/10/2020,3473.25
12/10/2020,3532.75
13/10/2020,3504.75
14/10/2020,3481
15/10/2020,3475.5
16/10/2020,3462.25
19/10/2020,3422.75
20/10/2020,3432.25
21/10/2020,3432.5
22/10/2020,3449.25
23/10/2020,3451.75
26/10/2020,3393.5
27/10/2020,3383
28/10/2020,3263.5
29/10/2020,3302.25
30/10/2020,3264.75
02/11/2020,3300.5
03/11/2020,3361.5
04/11/2020,3435
05/11/2020,3504.75
06/11/2020,3500.75
09/11/2020,3544
10/11/2020,3541
11/11/2020,3568
12/11/2020,3532.5
13/11/2020,3582
16/11/2020,3623
17/11/2020,3606.75
18/11/2020,3565
19/11/2020,3580
20/11/2020,3554.25
23/11/2020,3576
24/11/2020,3632.75
25/11/2020,3627.25
27/11/2020,3636.5
30/11/2020,3623.25
01/12/2020,3660.5
02/12/2020,3667.25
03/12/2020,3664.5
04/12/2020,3698
07/12/2020,3690.75
08/12/2020,3702
09/12/2020,3672.5
10/12/2020,3668.5
11/12/2020,3661.25
14/12/2020,3646.5
15/12/2020,3694.5
16/12/2020,3700.75
17/12/2020,3721.25
18/12/2020,3726.25
21/12/2020,3685.75
22/12/2020,3677.25
23/12/2020,3681.5
24/12/2020,3695
28/12/2020,3727.5
29/12/2020,3720
30/12/2020,3724.25
31/12/2020,3748.75
04/01/2021,3692.25
05/01/2021,3718.25
06/01/2021,3740.5
07/01/2021,3795.5
08/01/2021,3817.5
11/01/2021,3792
12/01/2021,3794.5
13/01/2021,3803.75
14/01/2021,3791.25
15/01/2021,3762.25
19/01/2021,3790.5
20/01/2021,3845
21/01/2021,3846
22/01/2021,3834.25
25/01/2021,3848.5
26/01/2021,3842.5
27/01/2021,3744.25
28/01/2021,3779.25
29/01/2021,3705.25
01/02/2021,3765.75
02/02/2021,3818.25
03/02/2021,3823.5
04/02/2021,3864.5
05/02/2021,3880.25
08/02/2021,3908
09/02/2021,3905.5
10/02/2021,3903
11/02/2021,3912
12/02/2021,3931
16/02/2021,3927.75
17/02/2021,3928
18/02/2021,3909.5
19/02/2021,3903
22/02/2021,3873.5
23/02/2021,3878
24/02/2021,3922.5
25/02/2021,3828
26/02/2021,3809.2
01/03/2021,3898.8
02/03/2021,3867.6
03/03/2021,3816.7
04/03/2021,3765.6
05/03/2021,3839
08/03/2021,3819.3
09/03/2021,3873.3
10/03/2021,3896.5
11/03/2021,3936.7
12/03/2021,3942.2
15/03/2021,3967.6
16/03/2021,3962.4
17/03/2021,3974
18/03/2021,3916.4
19/03/2021,3912.62
22/03/2021,3930
23/03/2021,3899.8
24/03/2021,3880.8
25/03/2021,3900.5
26/03/2021,3964.8
29/03/2021,3958.9
30/03/2021,3947.7
31/03/2021,3967.4
01/04/2021,4009.9
02/04/2021,4009.9
05/04/2021,4067.7
06/04/2021,4064
07/04/2021,4069.9
08/04/2021,4089
09/04/2021,4119.5
12/04/2021,4120.3
13/04/2021,4132.8
14/04/2021,4117.9
15/04/2021,4162.4
16/04/2021,4176.3
19/04/2021,4155.5
20/04/2021,4126.6
21/04/2021,4164.8
22/04/2021,4127.7
23/04/2021,4171.5
26/04/2021,4179.4
27/04/2021,4178.9
28/04/2021,4176.3
29/04/2021,4203.4
30/04/2021,4174.4
03/05/2021,4185.8
04/05/2021,4158.3
05/05/2021,4159.9
06/05/2021,4194.2
07/05/2021,4225.2
10/05/2021,4183.4
11/05/2021,4146.2
12/05/2021,4058.7
13/05/2021,4107.1
14/05/2021,4168.9
17/05/2021,4157.8
18/05/2021,4123.1
19/05/2021,4111.6
20/05/2021,4154.2
21/05/2021,4151.8
24/05/2021,4193.8
25/05/2021,4185.5
26/05/2021,4193.1
27/05/2021,4199
28/05/2021,4202.4
01/06/2021,4198.6
02/06/2021,4206.2
03/06/2021,4191.3
04/06/2021,4228.3
07/06/2021,4225.5
08/06/2021,4225.8
09/06/2021,4218.6
10/06/2021,4238.1
11/06/2021,4245.7
14/06/2021,4254.7
15/06/2021,4246.6
16/06/2021,4223.1
17/06/2021,4222.2
18/06/2021,4187.25
21/06/2021,4213.8
22/06/2021,4236.2
23/06/2021,4231.4
24/06/2021,4256.1
25/06/2021,4271.3
28/06/2021,4280.4
29/06/2021,4282
30/06/2021,4288.6
01/07/2021,4310.8
02/07/2021,4342.8
06/07/2021,4333.9
07/07/2021,4349.7
08/07/2021,4312.9
09/07/2021,4359.9
12/07/2021,4376.5
13/07/2021,4361.2
14/07/2021,4367.7
15/07/2021,4352
16/07/2021,4318.6
19/07/2021,4251.2
20/07/2021,4315.6
21/07/2021,4350.5
22/07/2021,4359.5
23/07/2021,4403.1
26/07/2021,4414.3
27/07/2021,4394.6
28/07/2021,4393.8
29/07/2021,4411.8
30/07/2021,4389.5
02/08/2021,4379.7
03/08/2021,4415.1
04/08/2021,4394.7
05/08/2021,4421.6
06/08/2021,4429.4
09/08/2021,4425.7
10/08/2021,4429.9
11/08/2021,4440.6
12/08/2021,4454.6
13/08/2021,4462.5
16/08/2021,4474
17/08/2021,4443.6
18/08/2021,4394.5
19/08/2021,4401.4
20/08/2021,4436.9
23/08/2021,4475.5
24/08/2021,4482.5
25/08/2021,4492.9
26/08/2021,4466.5
27/08/2021,4505.6
30/08/2021,4525.2
31/08/2021,4520.5
01/09/2021,4521.3
02/09/2021,4535.2
03/09/2021,4534.4
07/09/2021,4519.3
08/09/2021,4512.6
09/09/2021,4492.3
10/09/2021,4458.3
13/09/2021,4468.9
14/09/2021,4444.6
15/09/2021,4481.7
16/09/2021,4474.3
17/09/2021,4464.33
20/09/2021,4348.25
21/09/2021,4343.25
22/09/2021,4384
23/09/2021,4438
24/09/2021,4445.75
27/09/2021,4433
28/09/2021,4343.5
29/09/2021,4349.75
30/09/2021,4297.75
01/10/2021,4343.75
04/10/2021,4291.25
05/10/2021,4334
06/10/2021,4354
07/10/2021,4390
08/10/2021,4382.25
11/10/2021,4351
12/10/2021,4340.75
13/10/2021,4355
14/10/2021,4429
15/10/2021,4462.5
18/10/2021,4477.5
19/10/2021,4511.25
20/10/2021,4528
21/10/2021,4541.75
22/10/2021,4536.5
25/10/2021,4558
26/10/2021,4565.25
27/10/2021,4544.5
28/10/2021,4587.5
29/10/2021,4597
01/11/2021,4605.75
02/11/2021,4623.5
03/11/2021,4652.25
04/11/2021,4673.25
05/11/2021,4690.25
08/11/2021,4694
09/11/2021,4678.25
10/11/2021,4642
11/11/2021,4643
12/11/2021,4678.25
15/11/2021,4679
16/11/2021,4696
17/11/2021,4686.25
18/11/2021,4701.5
19/11/2021,4694.5
22/11/2021,4679.75
23/11/2021,4688.5
24/11/2021,4699
26/11/2021,4595.75
29/11/2021,4651
30/11/2021,4566.25
01/12/2021,4508.5
02/12/2021,4575.75
03/12/2021,4537.5
06/12/2021,4590
07/12/2021,4685
08/12/2021,4699
09/12/2021,4667
10/12/2021,4711
13/12/2021,4668.75
14/12/2021,4637
15/12/2021,4709.5
16/12/2021,4668.75
17/12/2021,4636.46
20/12/2021,4558.5
21/12/2021,4640.75
22/12/2021,4686
23/12/2021,4715.75
27/12/2021,4782.25
28/12/2021,4778.5
29/12/2021,4784.5
30/12/2021,4772.25
31/12/2021,4758.5
03/01/2022,4786
04/01/2022,4784.25
05/01/2022,4692.5
06/01/2022,4687.5
07/01/2022,4667.75
10/01/2022,4662.25
11/01/2022,4705
12/01/2022,4716.25
13/01/2022,4652
14/01/2022,4654.75
18/01/2022,4571.25
19/01/2022,4524.25
20/01/2022,4474.75
21/01/2022,4390
24/01/2022,4403.75
25/01/2022,4349
26/01/2022,4341.5
27/01/2022,4317.75
28/01/2022,4423.25
31/01/2022,4504.25
01/02/2022,4535
02/02/2022,4577.25
03/02/2022,4469
04/02/2022,4492.5
07/02/2022,4475.75
08/02/2022,4512.5
09/02/2022,4577.75
10/02/2022,4497.5
11/02/2022,4409.5
14/02/2022,4394
15/02/2022,4464.5
16/02/2022,4470
17/02/2022,4374.5
18/02/2022,4343.5
22/02/2022,4300
23/02/2022,4222
24/02/2022,4284
25/02/2022,4380
28/02/2022,4368
01/03/2022,4303.75
02/03/2022,4381.75
03/03/2022,4359.25
04/03/2022,4327.25
07/03/2022,4198.5
08/03/2022,4168.75
09/03/2022,4275.25
10/03/2022,4257.25
11/03/2022,4201.5
14/03/2022,4172
15/03/2022,4262
16/03/2022,4358
17/03/2022,4410.25
18/03/2022,4409.35
21/03/2022,4452.25
22/03/2022,4505
23/03/2022,4447.5
24/03/2022,4512.5
25/03/2022,4536.5
28/03/2022,4568
29/03/2022,4625.5
30/03/2022,4596
31/03/2022,4530.75
01/04/2022,4539.25
04/04/2022,4577.75
05/04/2022,4520.25
06/04/2022,4475.75
07/04/2022,4496.25
08/04/2022,4483.5
11/04/2022,4409
12/04/2022,4393
13/04/2022,4442.25
14/04/2022,4387.5
18/04/2022,4386.75
19/04/2022,4459.25
20/04/2022,4455.5
21/04/2022,4390.5
22/04/2022,4267.25
25/04/2022,4292.75
26/04/2022,4170.5
27/04/2022,4180.25
28/04/2022,4283.5
29/04/2022,4127.5
02/05/2022,4151
03/05/2022,4169.25
04/05/2022,4295.25
05/05/2022,4143.25
06/05/2022,4119.5
09/05/2022,3987.5
10/05/2022,3996.75
11/05/2022,3930.25
12/05/2022,3927.25
13/05/2022,4019.75
16/05/2022,4004.75
17/05/2022,4084.75
18/05/2022,3922.75
19/05/2022,3897.75
20/05/2022,3899.5
23/05/2022,3971.75
24/05/2022,3940.5
25/05/2022,3976.75
26/05/2022,4055.75
27/05/2022,4155.75
31/05/2022,4131.25
01/06/2022,4099
02/06/2022,4175.25
03/06/2022,4107
06/06/2022,4120.5
07/06/2022,4158.75
08/06/2022,4114
09/06/2022,4016.25
10/06/2022,3899
13/06/2022,3750.5
14/06/2022,3736.75
15/06/2022,3789.25
16/06/2022,3668.25
17/06/2022,3663.76
21/06/2022,3767.75
22/06/2022,3762.75
23/06/2022,3799.75
24/06/2022,3916.25
27/06/2022,3903.75
28/06/2022,3825.5
29/06/2022,3821.25
30/06/2022,3789.5
01/07/2022,3827.25
05/07/2022,3834
06/07/2022,3848.25
07/07/2022,3905
08/07/2022,3901.25
11/07/2022,3856.75
12/07/2022,3823.75
13/07/2022,3804.5
14/07/2022,3793.25
15/07/2022,3865
18/07/2022,3833.75
19/07/2022,3937.5
20/07/2022,3962.5
21/07/2022,4001.25
22/07/2022,3965
25/07/2022,3970
26/07/2022,3923.25
27/07/2022,4024.5
28/07/2022,4073.5
29/07/2022,4133.5
01/08/2022,4120.5
02/08/2022,4093.75
03/08/2022,4156.25
04/08/2022,4152.25
05/08/2022,4146.75
08/08/2022,4141.75
09/08/2022,4124.5
10/08/2022,4210
11/08/2022,4209.75
12/08/2022,4281
15/08/2022,4298.25
16/08/2022,4307.75
17/08/2022,4276.75
18/08/2022,4286.5
19/08/2022,4231.5
22/08/2022,4141.25
23/08/2022,4130.5
24/08/2022,4142.75
25/08/2022,4201
26/08/2022,4059.5
29/08/2022,4031.25
30/08/2022,3987.5
31/08/2022,3956.5
01/09/2022,3968.75
02/09/2022,3924.5
06/09/2022,3910.5
07/09/2022,3980
08/09/2022,4005.5
09/09/2022,4067.25
12/09/2022,4110.75
13/09/2022,3931.25
14/09/2022,3947.5
15/09/2022,3902
16/09/2022,3871.24
19/09/2022,3917.25
20/09/2022,3872.75
21/09/2022,3806.25
22/09/2022,3772
23/09/2022,3709
26/09/2022,3670
27/09/2022,3661
28/09/2022,3732
29/09/2022,3654.25
30/09/2022,3601.5
03/10/2022,3690.25
04/10/2022,3803.25
05/10/2022,3794
06/10/2022,3756.75
07/10/2022,3653.25
10/10/2022,3625.25
11/10/2022,3599.25
12/10/2022,3588.5
13/10/2022,3681.75
14/10/2022,3597.5
17/10/2022,3689.25
18/10/2022,3732.75
19/10/2022,3707.25
20/10/2022,3675.25
21/10/2022,3764
24/10/2022,3809.25
25/10/2022,3870.25
26/10/2022,3841
27/10/2022,3819.5
28/10/2022,3911.25
31/10/2022,3883
01/11/2022,3866
02/11/2022,3768.75
03/11/2022,3727.75
04/11/2022,3779.5
07/11/2022,3815.25
08/11/2022,3835.25
09/11/2022,3755.5
10/11/2022,3961
11/11/2022,4000.25
14/11/2022,3966
15/11/2022,3999.5
16/11/2022,3968.5
17/11/2022,3955.25
18/11/2022,3974
21/11/2022,3958
22/11/2022,4010.25
23/11/2022,4033
25/11/2022,4032.5
28/11/2022,3970.25
29/11/2022,3962
30/11/2022,4081.25
01/12/2022,4081.75
02/12/2022,4075.5
05/12/2022,4003.25
06/12/2022,3945
07/12/2022,3936.75
08/12/2022,3965.75
09/12/2022,3936.25
12/12/2022,3991.75
13/12/2022,4022.25
14/12/2022,3998
15/12/2022,3897
16/12/2022,3871.47
19/12/2022,3845.5
20/12/2022,3849.25
21/12/2022,3905.75
22/12/2022,3849.25
23/12/2022,3869.75
27/12/2022,3855
28/12/2022,3807.5
29/12/2022,3871.75
30/12/2022,3861
03/01/2023,3846
04/01/2023,3874.5
05/01/2023,3829
06/01/2023,3915.5
09/01/2023,3913.75
10/01/2023,3940.75
11/01/2023,3990
12/01/2023,4003.5
13/01/2023,4018.25
17/01/2023,4009.5
18/01/2023,3945.75
19/01/2023,3915.5
20/01/2023,3988.5
23/01/2023,4036.5
24/01/2023,4032.75
25/01/2023,4032
26/01/2023,4075.5
27/01/2023,4084.25
30/01/2023,4032.5
31/01/2023,4090
01/02/2023,4132.25
02/02/2023,4191.5
03/02/2023,4147.75
06/02/2023,4123.5
07/02/2023,4175.75
08/02/2023,4130.5
09/02/2023,4091.75
10/02/2023,4099.75
13/02/2023,4147.25
14/02/2023,4145.5
15/02/2023,4158.25
16/02/2023,4099.75
17/02/2023,4087.5
21/02/2023,4005.75
22/02/2023,3999
23/02/2023,4018.75
24/02/2023,3975.75
27/02/2023,3988
28/02/2023,3975.5
01/03/2023,3956.5
02/03/2023,3984.75
03/03/2023,4049.75
06/03/2023,4052.5
07/03/2023,3989.75
08/03/2023,3995
09/03/2023,3920
10/03/2023,3862.75
13/03/2023,3856.75
14/03/2023,3920.5
15/03/2023,3892.75
16/03/2023,3960.5
17/03/2023,3957.05
20/03/2023,3983
21/03/2023,4035.75
22/03/2023,3970.5
23/03/2023,3978
24/03/2023,4001.25
27/03/2023,4007.25
28/03/2023,4001.5
29/03/2023,4057.5
30/03/2023,4080
31/03/2023,4137.75
03/04/2023,4153.75
04/04/2023,4129
05/04/2023,4117.25
06/04/2023,4132
07/04/2023,4132
10/04/2023,4136.25
11/04/2023,4136.5
12/04/2023,4119
13/04/2023,4172.75
14/04/2023,4163.75
17/04/2023,4176.75
18/04/2023,4180
19/04/2023,4178.5
20/04/2023,4152.5
21/04/2023,4156.75
24/04/2023,4159.5
25/04/2023,4093.25
26/04/2023,4076
27/04/2023,4153.75
28/04/2023,4188.5
01/05/2023,4185.75
02/05/2023,4136.75
03/05/2023,4107.5
04/05/2023,4075.75
05/05/2023,4150.25
08/05/2023,4152.75
09/05/2023,4134
10/05/2023,4152
11/05/2023,4143.75
12/05/2023,4138
15/05/2023,4150
16/05/2023,4123
17/05/2023,4171.5
18/05/2023,4212
19/05/2023,4204.75
22/05/2023,4205
23/05/2023,4158.75
24/05/2023,4126
25/05/2023,4159.75
26/05/2023,4213.25
30/05/2023,4215
31/05/2023,4190.5
01/06/2023,4228
02/06/2023,4288
05/06/2023,4281
06/06/2023,4289.75
07/06/2023,4274.25
08/06/2023,4298.25
09/06/2023,4304.75
12/06/2023,4342.75
13/06/2023,4371.75
14/06/2023,4374.25
15/06/2023,4426.5
16/06/2023,4453.35
20/06/2023,4434.75
21/06/2023,4409.25
22/06/2023,4423.75
23/06/2023,4389
26/06/2023,4370.25
27/06/2023,4418.75
28/06/2023,4417.5
29/06/2023,4435.75
30/06/2023,4488.25
03/07/2023,4492.25
05/07/2023,4483.75
06/07/2023,4447
07/07/2023,4434
10/07/2023,4444.25
11/07/2023,4473.5
12/07/2023,4507.5
13/07/2023,4543.5
14/07/2023,4536.75
17/07/2023,4553.75
18/07/2023,4587.75
19/07/2023,4597
20/07/2023,4565.5
21/07/2023,4564.75
24/07/2023,4583.5
25/07/2023,4596
26/07/2023,4595.25
27/07/2023,4564.25
28/07/2023,4606.5
31/07/2023,4614.5
01/08/2023,4601.25
02/08/2023,4537.25
03/08/2023,4521.75
04/08/2023,4498
07/08/2023,4537.75
08/08/2023,4518.5
09/08/2023,4485.75
10/08/2023,4485.75
11/08/2023,4480.75
14/08/2023,4506
15/08/2023,4454
16/08/2023,4420
17/08/2023,4384.5
18/08/2023,4382.75
21/08/2023,4412.5
22/08/2023,4399.25
23/08/2023,4447
24/08/2023,4386
25/08/2023,4414.25
28/08/2023,4442.25
29/08/2023,4506.75
30/08/2023,4524.25
31/08/2023,4516
01/09/2023,4521.5
05/09/2023,4502.5
06/09/2023,4471.5
07/09/2023,4456.25
08/09/2023,4461.75
11/09/2023,4490.25
12/09/2023,4465
13/09/2023,4468.75
14/09/2023,4506
15/09/2023,4491.72
18/09/2023,4501.5
19/09/2023,4490
20/09/2023,4447
21/09/2023,4372
22/09/2023,4361
25/09/2023,4378.75
26/09/2023,4314.75
27/09/2023,4313.5
28/09/2023,4337.5
29/09/2023,4325.5
02/10/2023,4324.25
03/10/2023,4264.75
04/10/2023,4297.75
05/10/2023,4290.75
06/10/2023,4341.5
09/10/2023,4368.75
10/10/2023,4391.5
11/10/2023,4409.75
12/10/2023,4380.5
13/10/2023,4357.25
16/10/2023,4401
17/10/2023,4401.75
18/10/2023,4342.25
19/10/2023,4303
20/10/2023,4248.5
23/10/2023,4241.75
24/10/2023,4271.25
25/10/2023,4209.75
26/10/2023,4156.5
27/10/2023,4137.75
30/10/2023,4185.75
31/10/2023,4212.25
01/11/2023,4256
02/11/2023,4335.75
03/11/2023,4376
06/11/2023,4384.25
07/11/2023,4396
08/11/2023,4399.5
09/11/2023,4362.25
10/11/2023,4430.5
13/11/2023,4425.25
14/11/2023,4511
15/11/2023,4519.25
16/11/2023,4523.25
17/11/2023,4527.5
20/11/2023,4562.25
21/11/2023,4551.25
22/11/2023,4567.25
24/11/2023,4568.25
27/11/2023,4561
28/11/2023,4563
29/11/2023,4559.25
30/11/2023,4576.75
01/12/2023,4600.75
04/12/2023,4576.5
05/12/2023,4575
06/12/2023,4556
07/12/2023,4589.5
08/12/2023,4607.5
11/12/2023,4626
12/12/2023,4645.75
13/12/2023,4708.25
14/12/2023,4721.75
15/12/2023,4694.27
18/12/2023,4793
19/12/2023,4820.25
20/12/2023,4749.75
21/12/2023,4796.75
22/12/2023,4805.25
26/12/2023,4825
27/12/2023,4833.5
28/12/2023,4832.25
29/12/2023,4820
02/01/2024,4787.25
03/01/2024,4746.5
04/01/2024,4729.5
05/01/2024,4734.75
08/01/2024,4801.25
09/01/2024,4792.75
10/01/2024,4820.25
11/01/2024,4815.5
12/01/2024,4816.5
16/01/2024,4798.5
17/01/2024,4771.25
18/01/2024,4811.25
19/01/2024,4869.5
22/01/2024,4881
23/01/2024,4895
24/01/2024,4898
25/01/2024,4923.25
26/01/2024,4916.25
29/01/2024,4954.5
30/01/2024,4951
31/01/2024,4870.5
01/02/2024,4928.5
02/02/2024,4980.25
05/02/2024,4962
06/02/2024,4974.75
07/02/2024,5015.25
08/02/2024,5017.75
09/02/2024,5044
12/02/2024,5041.25
13/02/2024,4971.25
14/02/2024,5018
15/02/2024,5046.5
16/02/2024,5019.75
20/02/2024,4991.5
21/02/2024,4996.25
22/02/2024,5097.75
23/02/2024,5101.5
26/02/2024,5080.25
27/02/2024,5090
28/02/2024,5081
29/02/2024,5103.75
01/03/2024,5146
04/03/2024,5138.25
05/03/2024,5085.75
06/03/2024,5111.75
07/03/2024,5161.75
08/03/2024,5129
11/03/2024,5123
12/03/2024,5177.25
13/03/2024,5168
14/03/2024,5153.75
15/03/2024,5101.67
18/03/2024,5214.75
19/03/2024,5241.75
20/03/2024,5286.75
21/03/2024,5302.5
22/03/2024,5293.25
25/03/2024,5278.25
26/03/2024,5265.25
27/03/2024,5308.25
28/03/2024,5308.5
01/04/2024,5295.25
02/04/2024,5260.5
03/04/2024,5266.5
04/04/2024,5197.25
05/04/2024,5253
08/04/2024,5253.25
09/04/2024,5260.25
10/04/2024,5207.75
11/04/2024,5243.25
12/04/2024,5167.5
15/04/2024,5104
16/04/2024,5092.5
17/04/2024,5062.25
18/04/2024,5049
19/04/2024,5003.75
22/04/2024,5047.5
23/04/2024,5106.5
24/04/2024,5107.5
25/04/2024,5082.25
26/04/2024,5131.5
29/04/2024,5147
30/04/2024,5067
01/05/2024,5046.5
02/05/2024,5091.5
03/05/2024,5154.75
06/05/2024,5206.5
07/05/2024,5213.75
08/05/2024,5212.75
09/05/2024,5239
10/05/2024,5246.25
13/05/2024,5245.5
14/05/2024,5269.5
15/05/2024,5333
16/05/2024,5320.25
17/05/2024,5327.25
20/05/2024,5331.75
21/05/2024,5345.25
22/05/2024,5328
23/05/2024,5285.25
24/05/2024,5321.5
28/05/2024,5324.75
29/05/2024,5284
30/05/2024,5253
31/05/2024,5295.5
03/06/2024,5297.25
04/06/2024,5304
05/06/2024,5366
06/06/2024,5364
07/06/2024,5355.75
10/06/2024,5371.25
11/06/2024,5384
12/06/2024,5427.5
13/06/2024,5438.5
14/06/2024,5437.5
17/06/2024,5478.5
18/06/2024,5491
20/06/2024,5476.75
21/06/2024,5471.89
24/06/2024,5517
25/06/2024,5537
26/06/2024,5543.5
27/06/2024,5546
28/06/2024,5521.5
01/07/2024,5533.75
02/07/2024,5568.75
03/07/2024,5590.25
05/07/2024,5621.5
08/07/2024,5625.25
09/07/2024,5631.25
10/07/2024,5688
11/07/2024,5639.75
12/07/2024,5664.75
15/07/2024,5683
16/07/2024,5717.25
17/07/2024,5639
18/07/2024,5594.5
19/07/2024,5553.75
22/07/2024,5610.75
23/07/2024,5599.25
24/07/2024,5472
25/07/2024,5441.25
26/07/2024,5499
29/07/2024,5503
30/07/2024,5472.5
31/07/2024,5558
01/08/2024,5480.25
02/08/2024,5376
05/08/2024,5217.5
06/08/2024,5266.25
07/08/2024,5227.5
08/08/2024,5348.25
09/08/2024,5370.25
12/08/2024,5369.75
13/08/2024,5459
14/08/2024,5477
15/08/2024,5567.5
16/08/2024,5578.25
19/08/2024,5630
20/08/2024,5619.75
21/08/2024,5641.5
22/08/2024,5594
23/08/2024,5652.5
26/08/2024,5637
27/08/2024,5644.75
28/08/2024,5610.25
29/08/2024,5610
30/08/2024,5661
03/09/2024,5541.75
04/09/2024,5530
05/09/2024,5512.25
06/09/2024,5419.5
09/09/2024,5479.5
10/09/2024,5504
11/09/2024,5561.25
12/09/2024,5602.25
13/09/2024,5629.75
16/09/2024,5638
17/09/2024,5639
18/09/2024,5620.75
19/09/2024,5717.75
20/09/2024,5699.99
23/09/2024,5776.75
24/09/2024,5792
25/09/2024,5779
26/09/2024,5804.5
27/09/2024,5791.25
30/09/2024,5814.25
01/10/2024,5759.75
02/10/2024,5760.25
03/10/2024,5749.5
04/10/2024,5800
07/10/2024,5744.75
08/10/2024,5800.5
09/10/2024,5841.25
10/10/2024,5829
11/10/2024,5859.75
14/10/2024,5908.25
15/10/2024,5862.75
16/10/2024,5887
17/10/2024,5887
18/10/2024,5906
21/10/2024,5896.25
22/10/2024,5892.5
23/10/2024,5837.75
24/10/2024,5849
25/10/2024,5846
28/10/2024,5861.5
29/10/2024,5871
30/10/2024,5852
31/10/2024,5738.5
01/11/2024,5758.25
04/11/2024,5743.25
05/11/2024,5812.25
06/11/2024,5958.25
07/11/2024,6003.75
08/11/2024,6025.25
11/11/2024,6031.75
12/11/2024,6013
13/11/2024,6016
14/11/2024,5978.25
15/11/2024,5896.5
18/11/2024,5920
19/11/2024,5938.75
20/11/2024,5937.75
21/11/2024,5970.5
22/11/2024,5987
25/11/2024,6006.5
26/11/2024,6038.25
27/11/2024,6015
29/11/2024,6051.5
02/12/2024,6061.75
03/12/2024,6063.25
04/12/2024,6098.5
05/12/2024,6088.75
06/12/2024,6099
09/12/2024,6065.75
10/12/2024,6046.25
11/12/2024,6092.75
12/12/2024,6060.75
13/12/2024,6055.5
16/12/2024,6080.5
17/12/2024,6053.75
18/12/2024,5872.25
19/12/2024,5868.75
20/12/2024,5840.26
23/12/2024,6036
24/12/2024,6098
26/12/2024,6095.25
27/12/2024,6027
30/12/2024,5958.75
31/12/2024,5935.75
