Date,portfolio_ret,es_ret,rolling_corr
2020-01-03,0.0004891425183,-0.007210800859,
2020-01-06,0,0.002472569927,
2020-01-07,-0.0003912513044,-0.002543548636,
2020-01-08,0.001508035517,0.007727378101,
2020-01-09,-1.990519007e-05,0.004830917874,
2020-01-10,-0.0009074609717,-0.003434065934,
2020-01-13,0.0006330955097,0.007657554177,
2020-01-14,0.002168729283,-0.0005319553158,
2020-01-15,-0.002313296121,0.001748783455,
2020-01-16,-0.001514563106,0.006907020873,
2020-01-17,0.006160996726,0.002562942861,
2020-01-21,0.004248788845,-0.001654135338,
2020-01-22,0.000930462798,7.531254707e-05,
2020-01-23,0.001977781979,0.001882671888,
2020-01-24,0.002413852773,-0.009771497294,
2020-01-27,0.006118069209,-0.01639593138,
2020-01-28,-0.001805906027,0.01196172249,
2020-01-29,0.003013304189,-0.001753984595,
2020-01-30,0.0006331104525,0.005271199389,
2020-01-31,0.0007595553487,-0.01998632115,
2020-02-03,0.002597096831,0.006668734491,
2020-02-04,-0.002145478996,0.01663842243,
2020-02-05,0.0003995453995,0.01075920594,
2020-02-06,0.0008160160592,0.003073463268,
2020-02-07,0.002072509177,-0.00590389358,
2020-02-10,0.0002522344834,0.008269433168,
2020-02-11,-0.001033246373,0.001342081718,
2020-02-12,-0.0005810989698,0.006850335071,
2020-02-13,0.000521335126,-0.000887442686,
2020-02-14,0.002285803407,0.00103626943,
2020-02-18,0.00239397213,-0.003475303165,
2020-02-19,-0.002432571876,0.00534243526,
2020-02-20,0.000612780374,-0.005314045317,
2020-02-21,-0.00114235767,-0.008904058767,
2020-02-24,0.001688101646,-0.03383993412,
2020-02-25,-0.000804442439,-0.02905850446,
2020-02-26,0.001972734888,-0.007102952913,
2020-02-27,0.00100654159,-0.04927256651,
2020-02-28,0.00584808267,-0.002029083531,
2020-03-02,0.0034247525,0.03863097255,
2020-03-03,0.000656973,-0.02218597064,
2020-03-04,-0.0021243457,0.03928928929,
2020-03-05,0.0025989436,-0.03186451561,
2020-03-06,0.000488633,-0.01707842812,
2020-03-09,0.0062513977,-0.07295883941,
2020-03-10,0.00023866,0.04294422709,
2020-03-11,-0.00195183,-0.04379307337,
2020-03-12,-0.00133655,-0.09898731868,
2020-03-13,0.00169112,0.0919400567,
2020-03-16,0.00133653,-0.1037648368,
2020-03-17,-0.00349197,0.03279875841,
2020-03-18,-0.00033104,-0.03265878581,
2020-03-19,-0.00572142,-0.004453189727,
2020-03-20,-0.0022304,0.01445126391,
2020-03-23,0.00212446,-0.08920499758,
2020-03-24,0.003255,0.09795091196,
2020-03-25,0.00937306,0.0118949959,
2020-03-26,0.01435279,0.05715443859,
2020-03-27,0.007620824666,-0.03220858896,
2020-03-30,0.000759741559,0.0345681458,
2020-03-31,-5.6073816e-05,-0.01589277166,
2020-04-01,-0.00236652,-0.04737814963,
2020-04-02,-0.00286564,0.02798202614,
2020-04-03,-0.0018282,-0.0134114842,
2020-04-06,-5.835e-05,0.06514953177,
2020-04-07,0.00312898,-0.0009453582908,
2020-04-08,-0.00087353,0.0352006056,
2020-04-09,0.00227717,0.01636197441,
2020-04-13,-0.00085218,-0.007374763918,
2020-04-14,0.00226118,0.03035245085,
2020-04-15,0.0004862,-0.02391839606,
2020-04-16,-0.000612006,0.004504504505,
2020-04-17,0.00102599,0.02959641256,
2020-04-20,-0.00052432,-0.02212543554,
2020-04-21,0.00684495,-0.02654551933,
2020-04-22,-0.0044095746,0.02068081991,
2020-04-23,-0.0062646354,-0.00277927201,
2020-04-24,0.0065144325,0.01753124157,
2020-04-27,-0.001911608973,0.01396006362,
2020-04-28,-0.006588817965,-0.0006099686302,
2020-04-29,0.01084824519,0.02572151016,
2020-04-30,0.01578711578,-0.01309078545,
2020-05-01,-0.002749630705,-0.0278208441,
2020-05-04,-0.009764249844,0.001240365022,
2020-05-05,-0.008367968731,0.01168038227,
2020-05-06,-0.008391335108,-0.008659144581,
2020-05-07,0.007635385885,0.01641079936,
2020-05-08,0.003620372462,0.01684027778,
2020-05-11,-0.000616458659,-0.001963462523,
2020-05-12,-0.001163774967,-0.02403558293,
2020-05-13,-0.003448250354,-0.01384750219,
2020-05-14,0.0006092372802,0.01208674014,
2020-05-15,-0.002704334764,-0.0001756234633,
2020-05-18,0.01204322984,0.0356578254,
2020-05-19,0.002630247923,-0.009921981004,
2020-05-20,0.005742013883,0.01704496788,
2020-05-21,-0.003604021311,-0.01061141991,
2020-05-22,-0.004937468432,0.005447735785,
2020-05-26,0.0116646901,0.01405350491,
2020-05-27,0.0002981404834,0.01369176824,
2020-05-28,0.005807424728,0.0008235875474,
2020-05-29,0.003495039008,0.001316655695,
2020-06-01,0.01096253754,0.003944773176,
2020-06-02,0.008030649454,0.007531106745,
2020-06-03,0.003682899555,0.01324341891,
2020-06-04,0.002901857132,-0.002325394916,
2020-06-05,0.001680897535,0.02451374377,
2020-06-08,0.001851352668,0.01278732251,
2020-06-09,-0.0007879570497,-0.006816421379,
2020-06-10,0.001915268653,-0.006083294338,
2020-06-11,-0.007574234085,-0.05516321406,
2020-06-12,-0.0002114328089,0.008138858899,
2020-06-15,0.002408731736,0.01260400362,
2020-06-16,-0.001405533926,0.0181418809,
2020-06-17,-0.0006924270645,-0.003435876948,
2020-06-18,-0.002685800307,-0.002886465683,
2020-06-19,-0.001729139225,0.01680926343,
2020-06-22,0.00601012064,-0.01597780632,
2020-06-23,0.001095467855,0.002491360604,
2020-06-24,-0.003702127202,-0.02228635562,
2020-06-25,-8.22131947e-05,0.007133486389,
2020-06-26,-0.0016508303,-0.02076040055,
2020-06-29,0.001242991635,0.01355171267,
2020-06-30,0.006030807815,0.01394471331,
2020-07-01,4.91732397e-05,0.004125879783,
2020-07-02,3.1604407e-05,0.008378988076,
2020-07-06,0.002474971462,0.01374240972,
2020-07-07,-0.001345341131,-0.01119167718,
2020-07-08,0.003511171643,0.008608321377,
2020-07-09,-0.001251392376,-0.007112375533,
2020-07-10,-0.0006263451415,0.01193887297,
2020-07-13,0.005419836729,-0.009517067799,
2020-07-14,0.002687013576,0.01119669658,
2020-07-15,0.00060292017,0.01130830847,
2020-07-16,-0.001034334884,-0.007765180929,
2020-07-17,0.001168450301,0.006104241665,
2020-07-20,0.002887084624,0.009723086497,
2020-07-21,0.003668651749,0.00184885602,
2020-07-22,0.006143130196,0.004382929642,
2020-07-23,0.01055442447,-0.01163680906,
2020-07-24,-0.004643928674,-0.007281177382,
2020-07-27,0.003377043741,0.00881710362,
2020-07-28,-0.00103895572,-0.005955603682,
2020-07-29,0.002913998598,0.01229380641,
2020-07-30,0.0007438776519,-0.001152959262,
2020-07-31,-0.000153143686,0.004540207772,
2020-08-03,-0.0003636599513,0.007660487207,
2020-08-04,0.001774648692,0.003497035122,
2020-08-05,0.002424659469,0.004848484848,
2020-08-06,0.000751949739,0.008519300362,
2020-08-07,-0.003893934441,0.0001495103536,
2020-08-10,-0.0007934075091,0.002391808057,
2020-08-11,0.001380763557,-0.00678547461,
2020-08-12,0.002522461039,0.01201201201,
2020-08-13,0.00028615403,-0.0006676557864,
2020-08-14,0.0003791070215,-0.001855838468,
2020-08-17,0.001434850599,0.005429123903,
2020-08-18,0.00162011538,0.002145129078,
2020-08-19,-0.002118108993,-0.004207263065,
2020-08-20,0.0007633126495,0.002371951671,
2020-08-21,-0.000673277382,0.003475560157,
2020-08-24,-0.0003258335857,0.01031687546,
2020-08-25,0.000596139169,0.004522246535,
2020-08-26,0.00177415811,0.01081905315,
2020-08-27,1.66153366e-05,0.0014366784,
2020-08-28,0.003698312498,0.005523276666,
2020-08-31,0.001984892217,-0.001569410758,
2020-09-01,0.001471135162,0.008002286368,
2020-09-02,0.002522838571,0.01481428976,
2020-09-03,-0.001673466473,-0.03289795348,
2020-09-04,0.0001878525281,-0.01271125235,
2020-09-08,0.001847500975,-0.02399414777,
2020-09-09,-0.00163683069,0.01941238195,
2020-09-10,-0.0002249704463,-0.01757223734,
2020-09-11,-0.0007377389384,-0.00202065559,
2020-09-14,-0.0001101022798,0.0146231721,
2020-09-15,0.001106113016,0.006725794531,
2020-09-16,0.004422786502,-0.004625211071,
2020-09-17,-0.001559130421,-0.008260805429,
2020-09-18,-0.001630099343,-0.002350141306,
2020-09-21,0.001778343689,-0.0234375,
2020-09-22,0.005239164228,0.007404580153,
2020-09-23,0.00258228657,-0.02061074487,
2020-09-24,0.001263850676,0.002088974855,
2020-09-25,0.001204620688,0.01521000618,
2020-09-28,0.002336740536,0.01787208153,
2020-09-29,-0.001792921906,-0.003661087866,
2020-09-30,0.003134405378,0.005474315711,
2020-10-01,-0.001891052305,0.004698687351,
2020-10-02,0.002228004599,-0.008462623413,
2020-10-05,-0.000522844714,0.01609642884,
2020-10-06,-0.001517389166,-0.0117152962,
2020-10-07,0.001263221312,0.01595467084,
2020-10-08,0.001537052014,0.009026197989,
2020-10-09,0.0002534544965,0.0104,
2020-10-12,0.001435772447,0.01713092924,
2020-10-13,-0.00144614687,-0.007925836813,
2020-10-14,0.0009000980423,-0.006776517583,
2020-10-15,-0.0009998056155,-0.001580005745,
2020-10-16,-0.0001166597201,-0.003812401093,
2020-10-19,-0.001021228237,-0.01140876598,
2020-10-20,-0.0008655215283,0.002775545979,
2020-10-21,0.001734470424,7.283851701e-05,
2020-10-22,-0.0005804846249,0.0048798252,
2020-10-23,-0.001473490755,0.0007247952453,
2020-10-26,0.000386135871,-0.01687549794,
2020-10-27,0.0005220721805,-0.003094150582,
2020-10-28,4.2321817e-05,-0.03532367721,
2020-10-29,0.0009181116303,0.01187375517,
2020-10-30,0.0009727255026,-0.01135589371,
2020-11-02,0.0002089385696,0.01095030247,
2020-11-03,0.001320781308,0.01848204817,
2020-11-04,-0.0007655696273,0.02186523873,
2020-11-05,0.0009791314544,0.02030567686,
2020-11-06,-0.001515583952,-0.001141308225,
2020-11-09,0.006390313692,0.01235449547,
2020-11-10,0.002163343996,-0.0008465011287,
2020-11-11,0.001971705722,0.007624964699,
2020-11-12,0.000236383376,-0.00994955157,
2020-11-13,-0.000313445313,0.01401273885,
2020-11-16,-0.002532639207,0.01144611949,
2020-11-17,0.0008622918729,-0.004485233232,
2020-11-18,-0.000784899608,-0.01157551813,
2020-11-19,-0.00145062695,0.004207573633,
2020-11-20,0.001944170657,-0.00719273743,
2020-11-23,0.001016562465,0.00611943448,
2020-11-24,-0.003887193257,0.0158696868,
2020-11-25,-5.86765327e-05,-0.001514004542,
2020-11-27,-0.003149405627,0.002550141292,
2020-11-30,0.001472352823,-0.003643613364,
2020-12-01,-0.003067548434,0.01028082523,
2020-12-02,0.0003504393064,0.001844010381,
2020-12-03,-0.004383544825,-0.0007498807008,
2020-12-04,-0.001868643857,0.009141765589,
2020-12-07,-0.001084743662,-0.0019605192,
2020-12-08,0.001110979152,0.003048160943,
2020-12-09,0.0009314744079,-0.007968665586,
2020-12-10,-0.002561671645,-0.00108917631,
2020-12-11,-0.001202757099,-0.001976284585,
2020-12-14,0.001501833112,-0.00402867873,
2020-12-15,-0.003161236709,0.01316330728,
2020-12-16,0.001931266599,0.001691703884,
2020-12-17,-0.001544154616,0.005539417686,
2020-12-18,0.004281385192,0.001343634531,
2020-12-21,0.002101599602,-0.01086883596,
2020-12-22,0.00315131927,-0.002306179204,
2020-12-23,-0.001294970418,0.00115575498,
2020-12-24,0.002315198016,0.003666983566,
2020-12-28,0.002434758729,0.008795669824,
2020-12-29,-0.002895531417,-0.002012072435,
2020-12-30,-0.00423136726,0.001142473118,
2020-12-31,0.009134252633,0.006578505739,0.1126757583
2021-01-04,-0.002657414246,-0.01507169056,0.1151612534
2021-01-05,-0.001338447015,0.007041776694,0.1144236715
2021-01-06,0.001627917948,0.005983997848,0.1144435957
2021-01-07,0.003511687108,0.01470391659,0.1159825385
2021-01-08,0.000268090698,0.005796337768,0.1160185621
2021-01-11,0.000684174626,-0.006679764244,0.1157185319
2021-01-12,-0.001030478476,0.0006592827004,0.1157629584
2021-01-13,0.0002991000015,0.002437738833,0.1158425862
2021-01-14,3.3777918e-06,-0.003286230693,0.1163439909
2021-01-15,-0.0008624154052,-0.007649192219,0.1179013584
2021-01-19,-0.0001371945382,0.007508804572,0.1175499663
2021-01-20,-0.00151211114,0.01437805039,0.1163622859
2021-01-21,0.001093643271,0.0002600780234,0.1163575945
2021-01-22,0.0007665040095,-0.003055122205,0.1163111692
2021-01-25,-0.000545210988,0.003716502575,0.1171134559
2021-01-26,0.0002817893829,-0.00155904898,0.1228854333
2021-01-27,0.001119005611,-0.02556929083,0.123708325
2021-01-28,0.001263606708,0.009347666422,0.1243212371
2021-01-29,0.002055774862,-0.01958060462,0.1226704708
2021-02-01,0.0001298356224,0.01632818298,0.1222572138
2021-02-02,-0.0001037235411,0.01394144593,0.121065239
2021-02-03,0.0002192473382,0.001374975447,0.1238051443
2021-02-04,0.001276357022,0.01072315941,0.1242716625
2021-02-05,0.001351484617,0.004075559581,0.1243588866
2021-02-08,-0.0005818348853,0.007151601057,0.1243931185
2021-02-09,-0.001896968154,-0.0006397134084,0.1246874387
2021-02-10,-0.0001643,-0.0006401229036,0.1248548117
2021-02-11,0.00134178129,0.002305918524,0.125380295
2021-02-12,0.0009239896243,0.004856850716,0.125391933
2021-02-16,0.002918277517,-0.0008267616383,0.1251298712
2021-02-17,-0.002201655468,6.36496722e-05,0.1255220549
2021-02-18,0.0001598346138,-0.004709775967,0.1266654132
2021-02-19,-2.856965121e-05,-0.001662616703,0.1267311892
2021-02-22,-0.0006604458643,-0.007558288496,0.126423681
2021-02-23,-0.001265301683,0.001161740028,0.128793401
2021-02-24,0.003336377277,0.01147498711,0.1281050962
2021-02-25,0.003210654703,-0.0240917782,0.1248685754
2021-02-26,0.01099087474,-0.004911180773,0.1214253978
2021-03-01,-0.00262697486,0.02352199937,0.1182734941
2021-03-02,-0.00104009339,-0.008002462296,0.1145114036
2021-03-03,0.00443377899,-0.0131606164,0.1114590657
2021-03-04,0.01023199461,-0.01338852936,0.1092588745
2021-03-05,0.002732460309,0.01949224559,0.1147445497
2021-03-08,0.004721409939,-0.005131544673,0.1129732722
2021-03-09,-0.003821176779,0.01413871652,0.1352498472
2021-03-10,-0.0005767910172,0.005989724524,0.1372560792
2021-03-11,-0.000955916629,0.01031695111,0.1308749806
2021-03-12,0.003485380102,0.001397109254,0.125270028
2021-03-15,0.000151636477,0.006443102836,0.1261838859
2021-03-16,-0.0007313316034,-0.00131061599,0.1401192932
2021-03-17,-0.00207538989,0.002927518676,0.1500677225
2021-03-18,0.001413822593,-0.01449421238,0.1477516351
2021-03-19,-0.0001658111495,-0.0009651720968,0.1460456973
2021-03-22,0.004882065684,0.004442036283,0.1493229185
2021-03-23,0.004824680981,-0.007684478372,0.1646856379
2021-03-24,0.002577478024,-0.00487204472,0.1598617641
2021-03-25,0.001595910997,0.005076272933,0.1552040746
2021-03-26,-0.00188162141,0.01648506602,0.09702713001
2021-03-29,0.003087770614,-0.001488095238,0.1186901621
2021-03-30,0.002332874102,-0.002829068681,0.1193246333
2021-03-31,0.0001202302076,0.004990247486,0.1182946231
2021-04-01,-0.0005518405089,0.01071230529,0.106649413
2021-04-02,-6.892453546e-05,0,0.1165798604
2021-04-05,-0.002632515027,0.01441432455,0.1090274603
2021-04-06,-0.0009961968463,-0.0009096049365,0.1201331427
2021-04-07,0.002793126322,0.001451771654,0.1207375774
2021-04-08,-0.002519870719,0.00469299,0.1267945314
2021-04-09,0.001848900848,0.007459036439,0.1255556616
2021-04-12,-0.0002777077477,0.000194198325,0.1244471755
2021-04-13,-0.001058571541,0.003033759678,0.1212682499
2021-04-14,-0.005178450699,-0.00360530391,0.1240676583
2021-04-15,-0.00187395801,0.01080647903,0.1218379192
2021-04-16,0.001171396742,0.003339419566,0.122419046
2021-04-19,-0.002890468871,-0.004980485118,0.122555198
2021-04-20,0.0006116096393,-0.006954638431,0.1427297621
2021-04-21,-0.001691179255,0.009257015461,0.1521174387
2021-04-22,0.001920338108,-0.00890799078,0.1485973635
2021-04-23,-0.001265168432,0.01061123628,0.1381445966
2021-04-26,-0.002102997663,0.001893803188,0.1417686021
2021-04-27,0.002945852778,-0.0001196343973,0.1409329178
2021-04-28,-0.001966170433,-0.0006221732992,0.1184303431
2021-04-29,0.00180116773,0.006488997438,0.1504487597
2021-04-30,0.004186998977,-0.006899176857,0.1372061256
2021-05-03,-0.002437524008,0.002730931391,0.1392564152
2021-05-04,0.004343952327,-0.006569831335,0.1489836477
2021-05-05,-0.003279436782,0.0003847726234,0.1406178728
2021-05-06,-0.001472084903,0.008245390514,0.1278109826
2021-05-07,-0.004608907454,0.00739115922,0.1181858175
2021-05-10,0.0006847027486,-0.009893022815,0.1174388218
2021-05-11,-0.0004990948777,-0.008892288569,0.1141735202
2021-05-12,0.009002432257,-0.02110366118,0.0811819043
2021-05-13,-0.0009656211166,0.01192500062,0.07910934196
2021-05-14,-0.002947118595,0.01504711354,0.07199820682
2021-05-17,0.001888151506,-0.002662572861,0.02490739232
2021-05-18,-0.002801607596,-0.008345759777,0.03212871452
2021-05-19,0.005602677867,-0.002789163493,0.01928040478
2021-05-20,-0.003922633142,0.01036093005,0.007287734271
2021-05-21,0.001856905914,-0.0005777285639,0.009993324172
2021-05-24,-0.002756128044,0.01011609422,-0.01246893251
2021-05-25,-0.00030881625,-0.001979112023,-0.01151118538
2021-05-26,-0.000616269388,0.001815792617,-0.01130858137
2021-05-27,0.000390329453,0.001407073526,-0.01132759006
2021-05-28,0.001298211818,0.0008097165992,-0.01552407297
2021-06-01,-0.0004577502905,-0.0009042451932,-0.02210727943
2021-06-02,0.0002223239596,0.001810127185,-0.0276826624
2021-06-03,0.009038881669,-0.003542389806,-0.03169088558
2021-06-04,-0.007183055803,0.008827809987,-0.04343245231
2021-06-07,-0.001737139964,-0.0006622046685,-0.04514459402
2021-06-08,0.002231600787,7.099751509e-05,-0.0468612765
2021-06-09,0.001324969614,-0.001703819395,-0.04580842338
2021-06-10,-0.002397903228,0.004622386574,-0.1198922885
2021-06-11,0.005113841266,0.001793256412,-0.118300148
2021-06-14,0.0003546986027,0.002119791789,-0.1219280912
2021-06-15,0.0023859254,-0.001903777,-0.1185685279
2021-06-16,0.009185185748,-0.005533838836,-0.1257893034
2021-06-17,0.009050758931,-0.0002131135895,-0.1276753001
2021-06-18,0.01187590024,-0.008277675146,-0.1341874718
2021-06-21,-0.008341243075,0.006340677055,-0.1267761044
2021-06-22,-0.00351898567,0.005315866913,-0.1286855795
2021-06-23,-0.003321807211,-0.001133090978,-0.1434767206
2021-06-24,-0.0003505023612,0.005837311528,-0.1435477105
2021-06-25,0.000306923656,0.003571344658,-0.1526078632
2021-06-28,0.005829814104,0.002130498911,-0.1527004216
2021-06-29,0.009279929125,0.0003737968414,-0.1625811273
2021-06-30,-0.006397738365,0.001541335824,-0.160797731
2021-07-01,-0.001856176208,0.00517651448,-0.1614824661
2021-07-02,-0.002318195838,0.007423216108,-0.1675667865
2021-07-06,0.005943691302,-0.002049369071,-0.1732047298
2021-07-07,0.0008837859756,0.003645677104,-0.1766154089
2021-07-08,0.01231728256,-0.008460353588,-0.1894962573
2021-07-09,-0.006980874265,0.01089753994,-0.1955280197
2021-07-12,0.001100765973,0.003807426776,-0.1896518129
2021-07-13,0.003079756927,-0.003495944248,-0.1943331315
2021-07-14,-0.002469676305,0.001490415482,-0.1944750133
2021-07-15,0.006686898898,-0.003594569224,-0.1994835153
2021-07-16,0.0002396344602,-0.007674632353,-0.1990865614
2021-07-19,0.01155718781,-0.01560690965,-0.2205896553
2021-07-20,0.001482104652,0.01514866391,-0.218731877
2021-07-21,-0.004561235124,0.008086940402,-0.2257844055
2021-07-22,-0.001634640936,0.002068727732,-0.2137951877
2021-07-23,3.97810379e-05,0.01000114692,-0.2216926946
2021-07-26,-0.002363823534,0.00254366242,-0.225303384
2021-07-27,0.004512503105,-0.004462768729,-0.2294933549
2021-07-28,-0.001418002083,-0.0001820415965,-0.2333050421
2021-07-29,-0.00338736545,0.004096681688,-0.2340376805
2021-07-30,0.003937670812,-0.00505462623,-0.2359312282
2021-08-02,-0.0003729227076,-0.002232600524,-0.2348260131
2021-08-03,-0.003263759801,0.008082745394,-0.2379314673
2021-08-04,-0.0001728085164,-0.004620506897,-0.2383232413
2021-08-05,-0.001510779,0.006121009398,-0.2398767943
2021-08-06,0.005316886119,0.001764067306,-0.239956726
2021-08-09,0.002652517523,-0.0008353275839,-0.2401553812
2021-08-10,-0.0006524005616,0.0009490024177,-0.2395703675
2021-08-11,-0.003741141327,0.002415404411,-0.2431259297
2021-08-12,0.004844838549,0.003152727109,-0.2411625084
2021-08-13,-0.005873868955,0.001773447672,-0.2398862814
2021-08-16,0.002899377956,0.002577030812,-0.2398187587
2021-08-17,0.01200040913,-0.006794814484,-0.2456879778
2021-08-18,0.001407458414,-0.01104959942,-0.2484669663
2021-08-19,0.006423487305,0.001570144499,-0.2466212189
2021-08-20,-4.98153621e-05,0.008065615486,-0.2466459334
2021-08-23,-0.006421303913,0.008699767856,-0.2503894507
2021-08-24,-0.003678212958,0.001564071054,-0.2498973001
2021-08-25,-0.001599882427,0.002320133854,-0.2521203708
2021-08-26,0.002909411539,-0.00587593759,-0.2536420094
2021-08-27,-0.00669153876,0.008754057987,-0.2603941882
2021-08-30,0.000725360608,0.004350142045,-0.2599099655
2021-08-31,-0.001828168156,-0.001038628127,-0.2601587846
2021-09-01,-0.002286113406,0.0001769715739,-0.2643587885
2021-09-02,-0.004424679778,0.003074337027,-0.2817757747
2021-09-03,-0.004436420839,-0.0001763979538,-0.2816397512
2021-09-07,0.006042797974,-0.0033300988,-0.2834597962
2021-09-08,0.0005311299592,-0.00148253048,-0.2808983399
2021-09-09,-0.003447812157,-0.004498515268,-0.2813733536
2021-09-10,-0.0005491999367,-0.00756850611,-0.2802042503
2021-09-13,-0.0003536635863,0.00237758787,-0.2805734209
2021-09-14,0.002735179168,-0.005437579718,-0.2826907354
2021-09-15,-0.00308627783,0.008347207848,-0.2831051546
2021-09-16,0.006381718903,-0.001651159158,-0.2870611371
2021-09-17,0.006039144225,-0.002228281519,-0.2893448834
2021-09-20,0.003022674304,-0.02600166206,-0.293001799
2021-09-21,0.001730681694,-0.001149887886,-0.2985610982
2021-09-22,0.001983924229,0.00938237495,-0.2943183432
2021-09-23,-0.008541783749,0.01231751825,-0.3027808826
2021-09-24,0.007373057736,0.001746282109,-0.3029736061
2021-09-27,0.0003995544732,-0.002867907552,-0.3093414483
2021-09-28,0.009448372649,-0.02018948793,-0.3283108825
2021-09-29,0.01045507771,0.001438931737,-0.3249001541
2021-09-30,-0.003110251926,-0.01195471004,-0.3159175636
2021-10-01,-0.004148459033,0.01070327497,-0.3187331996
2021-10-04,-0.002865236276,-0.01208633094,-0.3109930206
2021-10-05,0.001510858946,0.009962132246,-0.3140700169
2021-10-06,0.004247367911,0.004614674665,-0.3149143048
2021-10-07,-0.0007407494731,0.008268259072,-0.3171937693
2021-10-08,-0.000769702933,-0.001765375854,-0.3170043275
2021-10-11,0.00300202041,-0.007131039991,-0.3229025252
2021-10-12,0.002182491423,-0.00235578028,-0.3265303992
2021-10-13,-0.006107403212,0.003282842827,-0.3265746721
2021-10-14,-0.002777423578,0.01699196326,-0.3311579737
2021-10-15,-0.001482938044,0.00756378415,-0.3328764761
2021-10-18,0.0005192941331,0.003361344538,-0.336865615
2021-10-19,-0.007574215225,0.007537688442,-0.3396999948
2021-10-20,-0.003469782496,0.003712939873,-0.3400846885
2021-10-21,0.003160739295,0.003036660777,-0.3387428065
2021-10-22,0.002742642845,-0.001155942093,-0.3393866605
2021-10-25,-0.002218700199,0.004739336493,-0.3435401968
2021-10-26,0.006558850143,0.001590609917,-0.3416519069
2021-10-27,0.0002287360428,-0.004545205629,-0.3571698537
2021-10-28,-0.004104644653,0.009461987017,-0.3620759264
2021-10-29,0.007518968648,0.002070844687,-0.3600162272
2021-11-01,-0.000112173737,0.001903415271,-0.3606585146
2021-11-02,0.006800855895,0.003853878304,-0.3616775382
2021-11-03,-0.005377441196,0.00621823294,-0.3649931228
2021-11-04,0.009493805209,0.004513944865,-0.3624714992
2021-11-05,-0.001365279799,0.003637725352,-0.3637732854
2021-11-08,-0.003981565376,0.0007995309418,-0.3744841948
2021-11-09,0.001433466832,-0.003355347252,-0.3744814698
2021-11-10,0.01072817705,-0.007748623951,-0.3821796727
2021-11-11,0.003083687576,0.000215424386,-0.3842106387
2021-11-12,-0.001239697949,0.00759207409,-0.3857538302
2021-11-15,0.002838423957,0.0001603163576,-0.3833537671
2021-11-16,0.005252493359,0.003633254969,-0.3808131238
2021-11-17,0.002652035652,-0.002076235094,-0.3859334108
2021-11-18,-0.003338368246,0.00325420112,-0.3857107778
2021-11-19,0.005724400977,-0.001488886526,-0.3856578147
2021-11-22,0.003936455418,-0.003141974651,-0.387349923
2021-11-23,0.000562011709,0.001869758,-0.3823160606
2021-11-24,0.00458138219,0.002239522235,-0.3812870807
2021-11-26,-0.001279590414,-0.02197276016,-0.3681422103
2021-11-29,0.003468769815,0.01202197683,-0.3620357857
2021-11-30,-0.0004261313174,-0.01822188777,-0.3518079037
2021-12-01,0.001499481845,-0.01264713934,-0.3510203925
2021-12-02,0.0001186828356,0.01491626927,-0.3521210468
2021-12-03,0.00263330458,-0.008359285363,-0.3515528035
2021-12-06,-0.000453885392,0.01157024793,-0.3527588132
2021-12-07,0.0004682623131,0.02069716776,-0.3492500565
2021-12-08,-0.001323969643,0.002988260406,-0.3502082298
2021-12-09,0.001656047047,-0.006809959566,-0.3518318968
2021-12-10,0.0004412371785,0.009427898007,-0.3524021783
2021-12-13,0.0007654361904,-0.008968371896,-0.3511402307
2021-12-14,7.594000569e-05,-0.006800535475,-0.3459944407
2021-12-15,-0.001189628789,0.01563510891,-0.3473223052
2021-12-16,0.000777974845,-0.008652723219,-0.3454776759
2021-12-17,0.002785785774,-0.006916198126,-0.3473985769
2021-12-20,0.0008900625742,-0.01681455248,-0.3439284983
2021-12-21,0.0002791917384,0.01804321597,-0.3412954262
2021-12-22,0.0004503055846,0.009750579109,-0.3409742538
2021-12-23,-0.001282111473,0.00634869825,-0.3425593433
2021-12-27,-0.001210504349,0.01410168054,-0.346206515
2021-12-28,-0.0005072306893,-0.0007841497203,-0.347886487
2021-12-29,-0.001272114152,0.00125562415,-0.3488195035
2021-12-30,0.0006912063878,-0.002560351134,-0.3582002121
2021-12-31,0.003121042264,-0.002881240505,-0.3691823211
2022-01-03,-0.003232334157,0.005779132079,-0.3695744646
2022-01-04,-0.002877486811,-0.000365649812,-0.3691681558
2022-01-05,0.0002934477065,-0.01917750954,-0.3710271816
2022-01-06,0.001121117595,-0.001065530101,-0.3710912447
2022-01-07,-0.000205653694,-0.004213333333,-0.3708277619
2022-01-10,0.0002795725199,-0.001178297895,-0.3708578215
2022-01-11,-3.37647676e-05,0.009169392461,-0.3707958463
2022-01-12,0.000401633933,0.002391073326,-0.3714054449
2022-01-13,0.000747349628,-0.01362311158,-0.371780809
2022-01-14,0.00097272171,0.0005911435942,-0.3715976894
2022-01-18,0.0007002159143,-0.0179386648,-0.3662092673
2022-01-19,-5.9549669e-05,-0.01028165163,-0.3638189327
2022-01-20,0.0007998953914,-0.01094103995,-0.3626489714
2022-01-21,0.001574079768,-0.01893960556,-0.3604371913
2022-01-24,0.0003872312015,0.003132118451,-0.3606423054
2022-01-25,-0.0003629133448,-0.01243258586,-0.3628783353
2022-01-26,-0.000603633099,-0.001724534376,-0.3637750235
2022-01-27,0.001945644872,-0.005470459519,-0.3652984653
2022-01-28,0.0005004608669,0.02443402235,-0.3613654369
2022-01-31,0.01019530566,0.01831232691,-0.3337496065
2022-02-01,0.003298945451,0.006826885719,-0.3311587269
2022-02-02,0.001261207243,0.009316427784,-0.3315157456
2022-02-03,-0.000516692958,-0.02364957125,-0.3225115575
2022-02-04,-0.000941071619,0.00525844708,-0.3225538443
2022-02-07,0.00237444889,-0.003728436283,-0.3238262334
2022-02-08,0.0005072737109,0.008210914372,-0.3237349886
2022-02-09,0.0009059289789,0.0144598338,-0.3219508581
2022-02-10,-0.000816319936,-0.01753044618,-0.315744908
2022-02-11,0.001820130726,-0.01956642579,-0.3146518429
2022-02-14,0.0009067207478,-0.003515137771,-0.3150983611
2022-02-15,-0.0005789915063,0.01604460628,-0.3161106974
2022-02-16,0.0007123143082,0.001231940867,-0.3163906114
2022-02-17,0.000360990848,-0.02136465324,-0.3133686334
2022-02-18,0.000933582883,-0.007086524174,-0.3130563531
2022-02-22,0.003885699588,-0.01001496489,-0.3200646936
2022-02-23,0.002281561085,-0.01813953488,-0.3186387992
2022-02-24,0.01386767031,0.01468498342,-0.2866088093
2022-02-25,-0.001898365936,0.02240896359,-0.2848546387
2022-02-28,0.001816769852,-0.002739726027,-0.2876057796
2022-03-01,0.0004126694775,-0.01470924908,-0.2813011756
2022-03-02,-0.002707671427,0.01812372931,-0.2750340495
2022-03-03,0.002428488702,-0.005134934672,-0.2829746981
2022-03-04,0.004483745391,-0.007340712278,-0.2836378142
2022-03-07,0.002361793322,-0.02975330753,-0.2774579038
2022-03-08,0.004217158007,-0.007085863999,-0.2789969541
2022-03-09,0.005722757881,0.02554722639,-0.2583961247
2022-03-10,-0.001697562607,-0.004210280101,-0.2573211708
2022-03-11,0.001629376123,-0.013095308,-0.2572440951
2022-03-14,0.01009631262,-0.007021301916,-0.2619707469
2022-03-15,-0.001076857913,0.02157238734,-0.2630235595
2022-03-16,8.2705923e-05,0.02252463632,-0.2622710393
2022-03-17,-0.0001118193165,0.0119894447,-0.2628426794
2022-03-18,-4.34789121e-05,-0.0002040700641,-0.2651591132
2022-03-21,0.000459880457,0.009729325184,-0.2623224252
2022-03-22,-0.0004698208422,0.01184794205,-0.2622836683
2022-03-23,-0.000935265735,-0.012763596,-0.2591203048
2022-03-24,0.002007386625,0.01461495222,-0.253086014
2022-03-25,-0.0009264897511,0.005318559557,-0.253431798
2022-03-28,0.00661606109,0.006943679048,-0.2475989865
2022-03-29,-0.001450334773,0.01258756567,-0.2493542339
2022-03-30,-0.001582962203,-0.006377688898,-0.2462447742
2022-03-31,-0.0004843223848,-0.01419712794,-0.2430139046
2022-04-01,0.001205936053,0.001876069083,-0.2391791012
2022-04-04,0.002290678308,0.008481577353,-0.2378577939
2022-04-05,0.001339567631,-0.01256075583,-0.2380136453
2022-04-06,0.002569209511,-0.009844588242,-0.2382035069
2022-04-07,0.001967917658,0.004580237949,-0.2386353272
2022-04-08,0.002678245031,-0.002835696414,-0.2391805952
2022-04-11,0.00290805124,-0.01661648266,-0.2408771982
2022-04-12,-0.001676893155,-0.003628940803,-0.2433021857
2022-04-13,0.0003459806203,0.01121101753,-0.2409817619
2022-04-14,0.000867578936,-0.01232483539,-0.2402690567
2022-04-18,0.0009153411969,-0.0001709401709,-0.243008274
2022-04-19,0.002644718182,0.01652704166,-0.2389502482
2022-04-20,-0.001081209656,-0.00084094859,-0.236699236
2022-04-21,0.002131753917,-0.01458871058,-0.2369339837
2022-04-22,0.004779158622,-0.02807197358,-0.2422829408
2022-04-25,0.001381764206,0.005975745504,-0.2415722334
2022-04-26,0.00582579688,-0.02847824821,-0.2513149986
2022-04-27,0.001336758889,0.002337849179,-0.2516822917
2022-04-28,0.004060569266,0.0246994797,-0.2412513742
2022-04-29,-0.002510997874,-0.03641881639,-0.220269246
2022-05-02,0.002357762957,0.005693519079,-0.218719155
2022-05-03,-0.001060064777,0.004396530956,-0.2176696235
2022-05-04,-0.00682172581,0.03022126282,-0.2356362361
2022-05-05,0.009266966709,-0.03538792853,-0.2549652937
2022-05-06,0.0008616891811,-0.005732215049,-0.2520608699
2022-05-09,-0.003137504135,-0.03204272363,-0.2353784992
2022-05-10,0.0006617232118,0.002319749216,-0.2370290483
2022-05-11,0.0003384321475,-0.0166385188,-0.2226327297
2022-05-12,0.003037968158,-0.000763310222,-0.2210953958
2022-05-13,-0.000959872407,0.02355337705,-0.2188744373
2022-05-16,-0.000989735528,-0.003731575347,-0.2178608383
2022-05-17,-0.002397514357,0.01997627817,-0.2260283382
2022-05-18,0.00113625294,-0.0396597099,-0.2203787399
2022-05-19,-0.004025750819,-0.00637308011,-0.2130132604
2022-05-20,-0.0003378008217,0.0004489769739,-0.2130324188
2022-05-23,-0.002168620408,0.01852801641,-0.2141622207
2022-05-24,-0.001069694327,-0.007868068232,-0.2126846734
2022-05-25,0.000786179204,0.009199340185,-0.2123174829
2022-05-26,-0.000852733577,0.01986546803,-0.214099322
2022-05-27,-0.001678561058,0.02465635209,-0.2177388665
2022-05-31,0.002932049474,-0.005895446069,-0.2187457502
2022-06-01,0.00430924211,-0.007806354009,-0.2204806675
2022-06-02,-0.004502081999,0.01860209807,-0.2269143773
2022-06-03,0.005426807017,-0.01634632657,-0.2278193884
2022-06-06,0.000651980233,0.003287070855,-0.2282451415
2022-06-07,-0.00233834484,0.009282854023,-0.2304342751
2022-06-08,0.003374132719,-0.01076044485,-0.232153206
2022-06-09,0.00959885327,-0.02376033058,-0.2450256054
2022-06-10,0.009636198463,-0.02919389978,-0.2626313948
2022-06-13,0.01545547316,-0.03808668889,-0.2956318373
2022-06-14,0.003181731107,-0.003666177843,-0.2959026272
2022-06-15,-0.001651906852,0.01404964207,-0.2970993386
2022-06-16,-0.0001757631906,-0.03193244046,-0.2924646155
2022-06-17,0.008734298999,-0.001224016902,-0.2883037275
2022-06-21,-0.0003540570616,0.02838340939,-0.286501772
2022-06-22,-0.00029676034,-0.001327051954,-0.2850662342
2022-06-23,0.001025162623,0.009833233672,-0.2856899375
2022-06-24,0.0001601346729,0.03065991184,-0.2839005446
2022-06-27,0.003566870047,-0.003191828918,-0.2840752278
2022-06-28,0.001726144222,-0.02004482869,-0.2855871827
2022-06-29,0.003828117111,-0.001110965887,-0.2885976509
2022-06-30,-0.00261434848,-0.008308799477,-0.2864196087
2022-07-01,0.006228019512,0.009961736377,-0.2796012203
2022-07-05,0.01400583886,0.00176366843,-0.2695797462
2022-07-06,0.004077699852,0.003716744914,-0.268403685
2022-07-07,-0.001741078115,0.01474696291,-0.2708513402
2022-07-08,-0.0008781973423,-0.0009603072983,-0.2678665825
2022-07-11,0.006696956863,-0.01140660045,-0.2666982506
2022-07-12,-0.0001983921816,-0.008556427043,-0.265572778
2022-07-13,-6.91390543e-05,-0.005034324943,-0.2646757252
2022-07-14,0.00105872118,-0.002957024576,-0.2645372829
2022-07-15,-0.001045599357,0.01891517828,-0.2662931338
2022-07-18,-0.001374427136,-0.00808538163,-0.2650119663
2022-07-19,-0.001377616761,0.02706227584,-0.2593097504
2022-07-20,0.000222286551,0.006349206349,-0.2609512304
2022-07-21,-0.001040416038,0.009779179811,-0.2596751864
2022-07-22,0.0002468180872,-0.009059668853,-0.2585663538
2022-07-25,-0.001126935653,0.001261034048,-0.2581740619
2022-07-26,0.000868089107,-0.01177581864,-0.2572024767
2022-07-27,-0.003432494665,0.02580768496,-0.2634064191
2022-07-28,-0.00116331264,0.01217542552,-0.2652181594
2022-07-29,-1.9124152e-05,0.01472934823,-0.2649923066
2022-08-01,-0.003267179932,-0.003145034474,-0.2624050469
2022-08-02,0.005962737426,-0.006491930591,-0.2642819489
2022-08-03,0.0006156660248,0.01526717557,-0.2620257748
2022-08-04,-0.001309906121,-0.000962406015,-0.2622280515
2022-08-05,0.005834632039,-0.001324583057,-0.2608599424
2022-08-08,-0.002501004286,-0.00120576355,-0.2614558168
2022-08-09,0.001686386963,-0.004164906139,-0.2616158305
2022-08-10,-0.007124189839,0.02072978543,-0.2717228257
2022-08-11,-0.0002252274346,-5.93824228e-05,-0.2715694084
2022-08-12,0.0001998666788,0.01692499555,-0.2733774799
2022-08-15,0.003734943804,0.004029432376,-0.2729518517
2022-08-16,0.0003360953985,0.002210201826,-0.2736122685
2022-08-17,0.004091158685,-0.007196332192,-0.2737225511
2022-08-18,0.002722707653,0.002279768516,-0.273281924
2022-08-19,0.003708488766,-0.01283098099,-0.2773081365
2022-08-22,0.001520109662,-0.02132813423,-0.2762909079
2022-08-23,-0.002710768959,-0.002595834591,-0.2719176107
2022-08-24,0.001388438288,0.002965742646,-0.2719982909
2022-08-25,-0.003122757702,0.01406070847,-0.2753913274
2022-08-26,0.004540831412,-0.03368245656,-0.2804680314
2022-08-29,0.002328763863,-0.006958985097,-0.2779141652
2022-08-30,0.003003507059,-0.01085271318,-0.2790301899
2022-08-31,0.002389816627,-0.007774294671,-0.280104994
2022-09-01,-0.0006516310894,0.003096170858,-0.2807801896
2022-09-02,0.007212090061,-0.0111496063,-0.2839961874
2022-09-06,-0.007173184421,-0.003567333418,-0.2800229636
2022-09-07,0.00189867859,0.01777266334,-0.2776787509
2022-09-08,0.0007445172884,0.006407035176,-0.2778194042
2022-09-09,-0.002848800687,0.01541630258,-0.2841196638
2022-09-12,-0.0005044671976,0.01069518717,-0.2864262313
2022-09-13,0.003996032445,-0.04366599769,-0.2901024295
2022-09-14,-0.001600501996,0.00413354531,-0.2902516887
2022-09-15,0.004607487336,-0.01152628246,-0.2904809319
2022-09-16,0.007545185759,-0.007883136853,-0.2930477566
2022-09-19,0.002021266995,0.01188508075,-0.2920574858
2022-09-20,-0.002872179622,-0.01136001021,-0.2856488199
2022-09-21,-0.0006071755832,-0.01717126073,-0.2822743177
2022-09-22,-0.0001682362805,-0.008998357964,-0.2821140699
2022-09-23,0.009067167459,-0.01670201485,-0.2834409599
2022-09-26,0.005085225506,-0.0105149636,-0.2885566966
2022-09-27,0.0002438577833,-0.002452316076,-0.2885533402
2022-09-28,-0.001671452035,0.0193936083,-0.2825177079
2022-09-29,-0.001789334141,-0.02083333333,-0.281585405
2022-09-30,0.0006847232162,-0.01443524663,-0.2857218564
2022-10-03,-0.000458169019,0.02464251007,-0.2837212837
2022-10-04,-0.003416450733,0.03062123162,-0.2964987506
2022-10-05,0.002019740275,-0.002432130415,-0.2972806794
2022-10-06,0.001738531076,-0.009818133896,-0.2993730811
2022-10-07,0.001590851895,-0.02755040926,-0.2972902059
2022-10-10,0.001995703794,-0.007664408403,-0.2979661652
2022-10-11,0.0005773278236,-0.007171919178,-0.2968331555
2022-10-12,-0.0002325410412,-0.002986733347,-0.2963872908
2022-10-13,-0.001504512483,0.02598578793,-0.2999843911
2022-10-14,0.001355874309,-0.02288313981,-0.2949573171
2022-10-17,-0.001826876231,0.0255038221,-0.2976421622
2022-10-18,-0.0002573180865,0.01179101443,-0.2983691666
2022-10-19,0.001361199637,-0.006831424553,-0.2965846177
2022-10-20,-0.0002547869742,-0.008631735114,-0.294831104
2022-10-21,-0.001835523075,0.02414801714,-0.2996098791
2022-10-24,0.0007108529029,0.01202178533,-0.2996606516
2022-10-25,-0.001770697925,0.01601365098,-0.301610807
2022-10-26,-0.002097353469,-0.007557651315,-0.3015930414
2022-10-27,0.001456643027,-0.005597500651,-0.3020327152
2022-10-28,0.0003716122637,0.02402146878,-0.2992298829
2022-10-31,0.0009961264276,-0.007222754874,-0.3026493231
2022-11-01,-2.62110593e-06,-0.004378058202,-0.3020339822
2022-11-02,0.0006794727227,-0.02515519917,-0.3034275229
2022-11-03,0.000758189621,-0.01087893864,-0.3015635357
2022-11-04,-0.003418330175,0.01388236872,-0.3132072221
2022-11-07,-0.00059450952,0.009458923138,-0.3136779702
2022-11-08,-0.0003905340216,0.005242120438,-0.3150807449
2022-11-09,-0.0005516778867,-0.02079395085,-0.3109340598
2022-11-10,0.000699705044,0.05471974437,-0.3040445556
2022-11-11,0.001666579026,0.00990911386,-0.3035560472
2022-11-14,-0.000371807379,-0.008561964877,-0.3012696232
2022-11-15,0.00080738102,0.008446797781,-0.3015213115
2022-11-16,0.0005973178131,-0.007750968871,-0.3037369611
2022-11-17,-0.0007622538016,-0.003338792995,-0.30307885
2022-11-18,-0.0004837849663,0.004740534732,-0.3033292303
2022-11-21,-0.001525166117,-0.004026170106,-0.3031868041
2022-11-22,0.001138918357,0.01320111167,-0.3023956077
2022-11-23,0.002475507009,0.005672963032,-0.3013131858
2022-11-25,-0.0002726361225,-0.0001239771882,-0.3029231985
2022-11-28,-0.00381681483,-0.01543707378,-0.3004770726
2022-11-29,-0.0003025506191,-0.002077954789,-0.3037078334
2022-11-30,0.002404748786,0.03009843513,-0.3003047143
2022-12-01,0.004001326414,0.0001225114855,-0.2994575381
2022-12-02,0.0004695503808,-0.001531205978,-0.2989747185
2022-12-05,-0.002583570408,-0.01772788615,-0.2915021566
2022-12-06,-0.0008407975738,-0.01455067757,-0.2878043926
2022-12-07,0.001390337098,-0.002091254753,-0.2881720623
2022-12-08,0.001680484223,0.007366482505,-0.2871344586
2022-12-09,-7.195566694e-05,-0.007438693816,-0.2861202286
2022-12-12,-0.0008200019289,0.01409971419,-0.2874172509
2022-12-13,0.004194118028,0.007640759066,-0.2847049294
2022-12-14,0.001232746286,-0.006028963888,-0.2853625937
2022-12-15,0.005102621669,-0.02526263132,-0.2894249445
2022-12-16,-0.002135349992,-0.006551193226,-0.287537075
2022-12-19,-0.002039012431,-0.006708046298,-0.2847465377
2022-12-20,0.003800157439,0.0009751657782,-0.2846363016
2022-12-21,0.003416584615,0.01467818406,-0.2804258185
2022-12-22,1.8530696e-05,-0.01446585163,-0.2786479974
2022-12-23,0.001176909026,0.005325712801,-0.2775373729
2022-12-27,0.0009932254224,-0.003811615737,-0.2756059081
2022-12-28,-4.4937854e-05,-0.01232166018,-0.2743568362
2022-12-29,5.66943049e-05,0.01687458963,-0.274843641
2022-12-30,-0.000304629494,-0.002776522244,-0.2745791911
2023-01-03,-0.003543611182,-0.003885003885,-0.2721362155
2023-01-04,0.003892294063,0.007410296412,-0.2683205307
2023-01-05,-0.002994064638,-0.01174345077,-0.2642274345
2023-01-06,0.004343157054,0.02259075477,-0.2578286999
2023-01-09,0.00289924027,-0.0004469416422,-0.2576182128
2023-01-10,0.0004078438952,0.006898754392,-0.2583195592
2023-01-11,0.001017061681,0.01249762101,-0.2580060065
2023-01-12,0.0004561151,0.003383458647,-0.2575607643
2023-01-13,-0.002623999104,0.003684276258,-0.2580025209
2023-01-17,-0.00214616901,-0.00217756486,-0.2577186306
2023-01-18,0.01021244742,-0.01589973812,-0.2644836661
2023-01-19,0.002129418011,-0.007666476589,-0.2661121635
2023-01-20,0.000116089426,0.01864385136,-0.2678108575
2023-01-23,0.001215708571,0.01203459947,-0.2677442135
2023-01-24,-0.0001436561856,-0.0009290226682,-0.2676146108
2023-01-25,0.0004954874906,-0.0001859773108,-0.2674733163
2023-01-26,-0.000811496357,0.01078869048,-0.2704943821
2023-01-27,-0.0009172636434,0.002146975831,-0.2710015344
2023-01-30,0.001111167683,-0.01267062496,-0.2704313076
2023-01-31,0.000811075516,0.01425914445,-0.2705774334
2023-02-01,6.77607944e-05,0.01033007335,-0.2904471803
2023-02-02,-0.0009154747532,0.01433843548,-0.2937699345
2023-02-03,0.006076214304,-0.01043779077,-0.2967559258
2023-02-06,0.001321025778,-0.005846543307,-0.3013022617
2023-02-07,4.43894133e-05,0.0126712744,-0.3012507069
2023-02-08,-8.053617024e-05,-0.0108363767,-0.2996788828
2023-02-09,0.000557470102,-0.00938143082,-0.298984881
2023-02-10,-0.0008921228471,0.001955153663,-0.2995892881
2023-02-13,0.0004415663703,0.01158607232,-0.3032908444
2023-02-14,4.00214493e-05,-0.0004219663633,-0.3029245332
2023-02-15,-0.000751200329,0.003075624171,-0.303231609
2023-02-16,-0.0002121472754,-0.0140684182,-0.3000093034
2023-02-17,0.0004822434266,-0.002987987072,-0.2998394119
2023-02-21,-0.0003134522654,-0.02,-0.2988748489
2023-02-22,-0.0008363600272,-0.001685077701,-0.2986067432
2023-02-23,-3.66947572e-05,0.004938734684,-0.2972623095
2023-02-24,-0.00080643943,-0.01069984448,-0.2942020784
2023-02-27,0.00124745136,0.003081179652,-0.3213968738
2023-02-28,-0.0005848788581,-0.00313440321,-0.3173745231
2023-03-01,0.001339954173,-0.004779273047,-0.3173543419
2023-03-02,-0.001329989247,0.007140149122,-0.3195125578
2023-03-03,0.000938783307,0.01631219023,-0.3147368285
2023-03-06,0.001076285526,0.0006790542626,-0.3142821149
2023-03-07,-0.002334398571,-0.01548426897,-0.3074009531
2023-03-08,-0.0001804729556,0.001315871922,-0.3061708663
2023-03-09,0.00129238791,-0.01877346683,-0.3047057106
2023-03-10,0.001666458686,-0.01460459184,-0.3197272743
2023-03-13,0.001911393143,-0.001553297521,-0.3211304022
2023-03-14,-0.0009196786505,0.01652946133,-0.3223300601
2023-03-15,-0.001269191149,-0.007078178804,-0.3210640718
2023-03-16,0.0003565873698,0.01740414874,-0.3187999837
2023-03-17,0.001463071632,-0.0008711021336,-0.3189038971
2023-03-20,0.001687494896,0.006557915619,-0.3176440619
2023-03-21,-0.001205810782,0.01324378609,-0.3193310977
2023-03-22,0.001043608654,-0.01616799851,-0.3189200189
2023-03-23,2.38110482e-05,0.001888930865,-0.3181658379
2023-03-24,-0.000469468084,0.005844645551,-0.3212951407
2023-03-27,0.0006943170396,0.001499531396,-0.3237187056
2023-03-28,0.0008292836377,-0.001434899245,-0.3231307563
2023-03-29,-0.0009252670298,0.01399475197,-0.3310827815
2023-03-30,0.001308766606,0.005545286506,-0.3288973563
2023-03-31,-0.000779319443,0.01415441176,-0.3320058283
2023-04-03,0.001024810793,0.003866835841,-0.3342306916
2023-04-04,0.00198577929,-0.005958471261,-0.3347505546
2023-04-05,0.0002600319955,-0.002845725357,-0.3361977649
2023-04-06,-0.0003348581494,0.003582488311,-0.3363349292
2023-04-07,-0.0004083579363,0,-0.335202062
2023-04-10,-0.00029416705,0.001028557599,-0.3359453783
2023-04-11,0.000110123064,6.044122091e-05,-0.3357671149
2023-04-12,-7.8483675e-05,-0.004230629759,-0.3332790274
2023-04-13,-0.0007414878969,0.01304928381,-0.3356500461
2023-04-14,0.000951922589,-0.002156850998,-0.3356678668
2023-04-17,0.003347438255,0.00312218553,-0.3346932462
2023-04-18,-0.001917826663,0.000778116957,-0.3343661594
2023-04-19,0.001231146636,-0.0003588516746,-0.3384520649
2023-04-20,-0.000926197854,-0.006222328587,-0.3375505859
2023-04-21,-0.0007701132895,0.001023479831,-0.336486401
2023-04-24,-0.003712489708,0.0006615745474,-0.3284367785
2023-04-25,0.001214824321,-0.01592739512,-0.3289128405
2023-04-26,0.004016015448,-0.004214255176,-0.3201246161
2023-04-27,0.0002119454269,0.0190750736,-0.3200165431
2023-04-28,0.0004028654405,0.008365934397,-0.3306870642
2023-05-01,-0.001507333821,-0.0006565596276,-0.3465962783
2023-05-02,-0.0004391362728,-0.01170638476,-0.3459826713
2023-05-03,0.001614050616,-0.007070768115,-0.3459624542
2023-05-04,-0.0001253629564,-0.007729762629,-0.3305528999
2023-05-05,0.001072126403,0.01827884438,-0.3082169266
2023-05-08,-0.0003854126427,0.000602373351,-0.3081836969
2023-05-09,8.64578966e-05,-0.004515080368,-0.3249264192
2023-05-10,-3.397636001e-07,0.00435413643,-0.3251286624
2023-05-11,-0.00189373849,-0.00198699422,-0.325579338
2023-05-12,-0.000785560214,-0.001387631976,-0.3253468582
2023-05-15,0.001296227745,0.002899951667,-0.3233493809
2023-05-16,-0.0005343018858,-0.006506024096,-0.3231903251
2023-05-17,4.35476618e-05,0.01176327917,-0.3192635343
2023-05-18,-0.001252803929,0.009708737864,-0.3243320386
2023-05-19,0.0005583612498,-0.001721272555,-0.3296068045
2023-05-22,7.394052662e-05,5.945656698e-05,-0.3296335043
2023-05-23,-0.0006578847494,-0.01099881094,-0.3237483381
2023-05-24,-0.0009336180761,-0.007874962429,-0.3239021627
2023-05-25,-0.0005563740056,0.008179835191,-0.3249865306
2023-05-26,0.0002099066886,0.01286134984,-0.3234123959
2023-05-30,0.000805804066,0.0004153563164,-0.3198464624
2023-05-31,-0.001828977686,-0.00581257414,-0.3166655768
2023-06-01,0.002840453645,0.008948812791,-0.3121030375
2023-06-02,-0.001248483017,0.01419110691,-0.3070052948
2023-06-05,-0.0002235426662,-0.001632462687,-0.3008636663
2023-06-06,-1.30456936e-05,0.002043914973,-0.300979645
2023-06-07,-0.0007956666303,-0.003613264176,-0.2981373222
2023-06-08,0.003536109411,0.005615020179,-0.2934039673
2023-06-09,0.001054212337,0.001512243355,-0.2772240449
2023-06-12,-0.001184179435,0.008827458041,-0.2564977419
2023-06-13,0.002503606451,0.006677796327,-0.2040358975
2023-06-14,0.002463938182,0.0005718533768,-0.2028610803
2023-06-15,0.002876039212,0.01194490484,-0.1958762994
2023-06-16,0.001057190506,0.006065740427,-0.201282962
2023-06-20,0.000523682662,-0.004176631075,-0.2034584703
2023-06-21,-0.000132350596,-0.00575004228,-0.2015971863
2023-06-22,0.0002672033297,0.003288541135,-0.2019458611
2023-06-23,0.0009926770254,-0.007855326363,-0.203107928
2023-06-26,0.0004009453697,-0.004272043746,-0.2039436038
2023-06-27,0.0006946243367,0.01109776329,-0.2025323293
2023-06-28,-0.0007598945379,-0.0002828854314,-0.2001436196
2023-06-29,-0.000658558871,0.004131295982,-0.200528134
2023-06-30,0.001164479857,0.0118356535,-0.2038678759
2023-07-03,0.0005809920995,0.0008912159528,-0.2137641328
2023-07-05,0.001920186374,-0.001892147588,-0.2314373551
2023-07-06,0.002400695003,-0.008196264288,-0.236335381
2023-07-07,-0.001502078795,-0.002923319092,-0.2314464432
2023-07-10,0.0004065866291,0.002311682454,-0.2319139005
2023-07-11,-0.001085130646,0.006581537942,-0.2257410325
2023-07-12,-0.0008220342708,0.007600312954,-0.2278794825
2023-07-13,-0.003816329408,0.007986688852,-0.2311654574
2023-07-14,0.004316571222,-0.001485638825,-0.2307456854
2023-07-17,-6.58072183e-05,0.003747175842,-0.2282068829
2023-07-18,0.0002847098739,0.007466373868,-0.2311023598
2023-07-19,0.001936094371,0.002016238897,-0.22596081
2023-07-20,0.001577750795,-0.006852294975,-0.2269030566
2023-07-21,0.00473811421,-0.0001642755448,-0.2241335931
2023-07-24,-0.000890613635,0.004107563393,-0.225241099
2023-07-25,-0.001591213901,0.002727173557,-0.2255718172
2023-07-26,5.45456668e-05,-0.0001631853786,-0.225223688
2023-07-27,0.001746042441,-0.006746096513,-0.2147872248
2023-07-28,0.004277002945,0.009256723449,-0.2059852665
2023-07-31,-0.001259636852,0.001736676435,-0.2055895797
2023-08-01,0.004686702449,-0.002871383682,-0.2095845375
2023-08-02,0.003124776083,-0.01390926379,-0.2109776692
2023-08-03,-0.0004309204079,-0.00341616618,-0.2112548043
2023-08-04,-9.23476091e-05,-0.00525239122,-0.2112759616
2023-08-07,0.0002753121297,0.008837261005,-0.2123981121
2023-08-08,0.002388271926,-0.004242190513,-0.214960325
2023-08-09,0.0001482278095,-0.007247980525,-0.2136894513
2023-08-10,0.001234468338,0,-0.1953212887
2023-08-11,0.0006234015251,-0.001114640807,-0.1954316878
2023-08-14,-0.000684788586,0.005635217319,-0.196203592
2023-08-15,0.001744021837,-0.01154016866,-0.2009249451
2023-08-16,0.001360193974,-0.007633587786,-0.2017016335
2023-08-17,0.0008321087196,-0.008031674208,-0.1989355701
2023-08-18,0.0001327523656,-0.0003991333105,-0.2001118514
2023-08-21,-0.0006048937798,0.006787975586,-0.1956113175
2023-08-22,0.0001251129796,-0.003002832861,-0.1931189451
2023-08-23,-0.001102176548,0.01085412286,-0.1978101163
2023-08-24,0.001284673006,-0.01371711266,-0.1995252954
2023-08-25,0.0003159600217,0.006440948472,-0.1930517071
2023-08-28,-0.0004566099256,0.006343093391,-0.1751863404
2023-08-29,-0.002139512409,0.01451966909,-0.1784132548
2023-08-30,0.0004858899025,0.003883064292,-0.1742952975
2023-08-31,-0.0002823486773,-0.001823506659,-0.1716476035
2023-09-01,0.0006056989256,0.00121789194,-0.1712690959
2023-09-05,0.002319658952,-0.004202145306,-0.1627329242
2023-09-06,-0.0001545691491,-0.006885063853,-0.1723959519
2023-09-07,0.0001054228977,-0.00341048865,-0.1776351345
2023-09-08,0.0001122012873,0.001234221599,-0.178098493
2023-09-11,-0.001737253673,0.006387628173,-0.1725608385
2023-09-12,0.0001347076,-0.005623294917,-0.1706878984
2023-09-13,0.0002802500928,0.0008398656215,-0.1475328272
2023-09-14,-0.000308236882,0.008335664336,-0.1474174614
2023-09-15,0.0001120047935,-0.003169107856,-0.1391409671
2023-09-18,-0.0002675021965,0.002177339638,-0.1314442423
2023-09-19,-4.75920925e-05,-0.002554703988,-0.1352948345
2023-09-20,0.0001070880059,-0.009576837416,-0.1434806387
2023-09-21,0.0002801898462,-0.01686530245,-0.146768151
2023-09-22,-0.0006163628294,-0.002516010979,-0.1473678705
2023-09-25,0.0005516591098,0.004070167393,-0.1230582092
2023-09-26,0.000577895987,-0.01461604339,-0.1139870411
2023-09-27,0.001341709743,-0.0002897039226,-0.1142111134
2023-09-28,-0.001875772775,0.005563927205,-0.1089946819
2023-09-29,-0.0001337223834,-0.002766570605,-0.1198496288
2023-10-02,0.03109473798,-0.0002889839325,-0.08416675166
2023-10-03,0.01260468488,-0.01375961149,-0.1026935649
2023-10-04,-0.005690672887,0.007737850988,-0.09318566177
2023-10-05,9.39280154e-05,-0.001628759234,-0.09248017943
2023-10-06,-0.01402579555,0.01182776904,-0.1078460376
2023-10-09,0.01160275842,0.0062766325,-0.09384570087
2023-10-10,-0.007628384158,0.005207439199,-0.09560781671
2023-10-11,-0.006772084925,0.004155755437,-0.09757478923
2023-10-12,0.006426690687,-0.006633029083,-0.1028492207
2023-10-13,0.005432097791,-0.005307613286,-0.1011104564
2023-10-16,-0.006793335825,0.0100407367,-0.1068984797
2023-10-17,-0.007161034504,0.0001704158146,-0.09923835452
2023-10-18,0.004445992997,-0.01351735105,-0.1051449681
2023-10-19,-0.00575112642,-0.009039092636,-0.0957416933
2023-10-20,-0.001940957321,-0.01266558215,-0.09226821938
2023-10-23,-0.008846313828,-0.001588796046,-0.08268469282
2023-10-24,0.01443556257,0.006954676725,-0.06922337335
2023-10-25,-0.005319683057,-0.01439859526,-0.05433687256
2023-10-26,4.03143251e-05,-0.0126492072,-0.05610575395
2023-10-27,0.0006441226463,-0.004511006857,-0.05550957054
2023-10-30,0.0003106561375,0.01160050752,-0.05603165987
2023-10-31,-0.003043194724,0.006331004002,-0.05794366402
2023-11-01,0.000366615348,0.01038637308,-0.05813663097
2023-11-02,-0.0001240717483,0.01873825188,-0.05886153095
2023-11-03,0.0022207353,0.009283284322,-0.05646052419
2023-11-06,-0.001160446588,0.001885283364,-0.05073287915
2023-11-07,0.0005964588673,0.002680047899,-0.04966120105
2023-11-08,-0.0002853637091,0.0007961783439,-0.04923272128
2023-11-09,0.0002668996541,-0.008466871235,-0.05209985924
2023-11-10,-0.0001047011229,0.01564559574,-0.05862933877
2023-11-13,0.0003402048799,-0.001184967837,-0.06034011696
2023-11-14,0.001820333133,0.0193774363,-0.05734295063
2023-11-15,-0.002304804589,0.00182886278,-0.0582359002
2023-11-16,0.001051776988,0.0008851026166,-0.05810132212
2023-11-17,0.0007034371426,0.0009395898966,-0.05874001661
2023-11-20,0.0005693887943,0.007675317504,-0.05805628649
2023-11-21,0.0007000125529,-0.002411091019,-0.05942960989
2023-11-22,0.0001390618179,0.003515517715,-0.06097653222
2023-11-24,0.0005158524069,0.0002189501341,-0.06248060688
2023-11-27,-0.0005330416758,-0.001587040989,-0.06225840709
2023-11-28,-0.0005566445692,0.0004385003289,-0.07206739716
2023-11-29,0.0007483940831,-0.0008218277449,-0.07241096939
2023-11-30,-0.000156422852,0.003838350606,-0.08250229395
2023-12-01,-0.0005474932802,0.005243895778,-0.08307802515
2023-12-04,0.0002882960214,-0.005270879748,-0.08289751579
2023-12-05,0.000981473944,-0.0003277613897,-0.09155861522
2023-12-06,-0.0003398197885,-0.004153005464,-0.09429854152
2023-12-07,-0.001663283343,0.007352941176,-0.09574918049
2023-12-08,0.0002176088633,0.00392199586,-0.09716622492
2023-12-11,0.000805505828,0.004015192621,-0.09767810795
2023-12-12,-0.0001761645566,0.004269347168,-0.09610203012
2023-12-13,-0.00264595549,0.01345315611,-0.1051888522
2023-12-14,0.000806129881,0.002867307386,-0.1043791911
2023-12-15,-0.0007197527734,-0.005819876105,-0.08777683928
2023-12-18,-0.0006203978828,0.02103202415,-0.09249756549
2023-12-19,0.0002457415182,0.005685374504,-0.09542648523
2023-12-20,-0.0006176527194,-0.01462579742,-0.09280214078
2023-12-21,-0.00162057076,0.009895257645,-0.1018621948
2023-12-22,0.0001104204758,0.001772033147,-0.1032928413
2023-12-26,-6.10165105e-05,0.004110087925,-0.1040536671
2023-12-27,0.0002204063395,0.001761658031,-0.1036867009
2023-12-28,0.003217527622,-0.000258611772,-0.1053091549
2023-12-29,0.0002361396,-0.00253505096,-0.1053260587
2024-01-02,0.0006203823403,-0.006794605809,-0.1058506216
2024-01-03,0.002004916698,-0.008512193848,-0.1108867873
2024-01-04,0.001207700516,-0.003581586432,-0.1151580325
2024-01-05,0.0007268450618,0.001110053917,-0.1221974257
2024-01-08,0.001274775776,0.01404509214,-0.1347907818
2024-01-09,-0.0004520479232,-0.001770372299,-0.1341084986
2024-01-10,0.0006282180572,0.005737833186,-0.1340058464
2024-01-11,0.0003227438342,-0.0009854260671,-0.135728096
2024-01-12,0.0004221022016,0.0002076627557,-0.1358038254
2024-01-16,-0.002235425101,-0.003737153535,-0.1327475788
2024-01-17,0.0007846955385,-0.005678857976,-0.1342791939
2024-01-18,0.0003139389067,0.008383547288,-0.1123058883
2024-01-19,5.554505284e-05,0.01210704079,-0.1102606031
2024-01-22,-3.2415575e-06,0.002361638772,-0.1108599042
2024-01-23,-0.0003488017788,0.0028682647,-0.1130945269
2024-01-24,0.0003925624228,0.0006128702758,-0.1132342215
2024-01-25,-7.50363561e-05,0.005155165374,-0.1133992953
2024-01-26,-6.97463211e-05,-0.001421825014,-0.1118744796
2024-01-29,-5.0956685e-06,0.007780320366,-0.1118246161
2024-01-30,-4.904853031e-05,-0.0007064284993,-0.1106844645
2024-01-31,-0.000816513658,-0.01625934155,-0.1083443913
2024-02-01,0.001256151798,0.01190842829,-0.1061867527
2024-02-02,-0.001020359699,0.01050015218,-0.1059062531
2024-02-05,-0.001791371278,-0.003664474675,-0.09515406462
2024-02-06,0.0008787021499,0.002569528416,-0.09401700023
2024-02-07,0.000839458801,0.008141112619,-0.09317401712
2024-02-08,-5.30773194e-05,0.0004984796371,-0.09423267844
2024-02-09,0.0001719415462,0.005231428429,-0.09410754063
2024-02-12,0.0006330786029,-0.0005452022205,-0.09400138838
2024-02-13,-0.0003796391014,-0.01388544508,-0.09241761254
2024-02-14,-0.0008301907428,0.009404073422,-0.09374949263
2024-02-15,-0.000124748299,0.005679553607,-0.0936479481
2024-02-16,0.0001905199581,-0.005300703458,-0.09530061405
2024-02-20,0.0007251691197,-0.005627770307,-0.09555105406
2024-02-21,9.598472806e-05,0.0009516177502,-0.09896547682
2024-02-22,0.0002654187402,0.02031523643,-0.09832088335
2024-02-23,0.0005228417932,0.0007356186553,-0.0981754929
2024-02-26,0.0001151177693,-0.004165441537,-0.1004807203
2024-02-27,0.0003445099884,0.00191919689,-0.1008244016
2024-02-28,-0.0001324331753,-0.001768172888,-0.101263377
2024-02-29,-0.0008902163346,0.004477465066,-0.1009980956
2024-03-01,0.001462108397,0.008278226794,-0.09800067882
2024-03-04,0.0002274335807,-0.001506024096,-0.1003468893
2024-03-05,0.0002109661618,-0.0102174865,-0.09976719122
2024-03-06,-0.0007173569651,0.005112323649,-0.1085017778
2024-03-07,0.0008770999424,0.009781386022,-0.1073629237
2024-03-08,0.001553008165,-0.006344747421,-0.1068708946
2024-03-11,0.0002502821069,-0.001169818678,-0.104197158
2024-03-12,0.0004138577589,0.01058949834,-0.1030230717
2024-03-13,-0.0002269949709,-0.001786662804,-0.1005058667
2024-03-14,0.002560482674,-0.002757352941,-0.1042814693
2024-03-15,0.0003357235949,-0.01010526316,-0.1050137699
2024-03-18,0.0005741866942,0.02216529097,-0.1020835181
2024-03-19,-9.8121997e-05,0.005177621171,-0.1036920552
2024-03-20,-0.0006004164417,0.008584919159,-0.1021295829
2024-03-21,0.0005280502039,0.002979145978,-0.1009562041
2024-03-22,0.001031104315,-0.00174446016,-0.1012467461
2024-03-25,-0.0004267177004,-0.002833797761,-0.1001751487
2024-03-26,0.0001001268587,-0.002462937527,-0.1000387112
2024-03-27,0.0003626446295,0.008166753715,-0.09957888905
2024-03-28,0.0001039027993,4.709650073e-05,-0.09749747632
2024-04-01,0.0002549928051,-0.002495996986,-0.09828595273
2024-04-02,-0.0005392331506,-0.006562485246,-0.0952271576
2024-04-03,-0.0009526789219,0.001140575991,-0.09563398319
2024-04-04,0.000259900907,-0.01314915029,-0.09311449669
2024-04-05,8.87663978e-05,0.01072682669,-0.09317115492
2024-04-08,-0.0007837439392,4.759185227e-05,-0.09273891644
2024-04-09,0.0008737058476,0.001332508447,-0.09282335582
2024-04-10,0.0008794954922,-0.009980514234,-0.09351672841
2024-04-11,0.0008799893658,0.006816763478,-0.09284334131
2024-04-12,0.001557374368,-0.01444714633,-0.09570112891
2024-04-15,-0.0001644156072,-0.01228834059,-0.0925092819
2024-04-16,-0.005735810329,-0.002253134796,-0.08845278451
2024-04-17,0.003749162924,-0.005940108002,-0.0933360015
2024-04-18,-0.001914922386,-0.002617413206,-0.092070811
2024-04-19,-0.002554400496,-0.008962170727,-0.08695924802
2024-04-22,0.002045160036,0.008743442418,-0.08592351573
2024-04-23,0.006799450249,0.01168895493,-0.07337051025
2024-04-24,0.0005050117985,0.0001958288456,-0.07373926322
2024-04-25,0.001315082613,-0.00494371023,-0.07284845994
2024-04-26,0.0002690868713,0.009690589798,-0.06984945234
2024-04-29,0.004852864554,0.003020559291,-0.06848208482
2024-04-30,-0.004527567164,-0.01554303478,-0.05481412369
2024-05-01,0.002508344566,-0.004045786461,-0.05691693221
2024-05-02,0.001516323597,0.008917071237,-0.05706326515
2024-05-03,0.002331510334,0.01242266523,-0.05144386311
2024-05-06,0.0007757421514,0.01003928416,-0.051418407
2024-05-07,-0.001653490451,0.001392490157,-0.05420193233
2024-05-08,-0.001043309299,-0.0001918005275,-0.05397118337
2024-05-09,0.001865815031,0.005035729701,-0.05314391056
2024-05-10,-0.0007420138146,0.00138385188,-0.05304750235
2024-05-13,0.0006810148154,-0.0001429592566,-0.05425680059
2024-05-14,0.001264940013,0.0045753503,-0.05413294857
2024-05-15,0.003966014433,0.01205047917,-0.04751224165
2024-05-16,-0.0005050860736,-0.002390774423,-0.04820483773
2024-05-17,0.000869726283,0.001315727644,-0.04782746641
2024-05-20,-0.0005003505431,0.0008447135013,-0.04563007259
2024-05-21,0.0002667509901,0.002532001688,-0.04557206802
2024-05-22,-0.0007324746376,-0.003227164305,-0.04482118319
2024-05-23,-0.0004051415368,-0.008023648649,-0.04580284958
2024-05-24,0.0006717652234,0.006858710562,-0.04749237283
2024-05-28,-0.0001212464267,0.0006107300573,-0.04645851213
2024-05-29,-0.001449264985,-0.007652941453,-0.04364589314
2024-05-30,0.000800536546,-0.0058667676,-0.04403760468
2024-05-31,0.0002580829333,0.008090614887,-0.04665029779
2024-06-03,0.001999290507,0.0003304692664,-0.05027459191
2024-06-04,-0.001308603393,0.001274246071,-0.04710701081
2024-06-05,0.0004346133153,0.0116892911,-0.0470358312
2024-06-06,0.0003244407023,-0.0003727171077,-0.04695669193
2024-06-07,-0.002606623984,-0.00153803132,-0.04657219247
2024-06-10,0.001025100766,0.002894085796,-0.04897702533
2024-06-11,9.153536686e-05,0.002373749127,-0.04911146766
2024-06-12,0.002166967237,0.008079494799,-0.04489786551
2024-06-13,-0.001069194818,0.002026715799,-0.04733395926
2024-06-14,-0.001868867887,-0.00018387423,-0.04681585482
2024-06-17,0.0001027455901,0.007540229885,-0.05202982409
2024-06-18,0.001197723449,0.002281646436,-0.05251724225
2024-06-20,-0.001606547007,-0.002595155709,-0.05120595661
2024-06-21,-0.0005774161287,-0.000887387593,-0.05150642443
2024-06-24,0.0007737734972,0.008243952272,-0.05081484325
2024-06-25,-0.000225172895,0.003625158601,-0.05016864522
2024-06-26,-0.0006434738853,0.001173920896,-0.05015664683
2024-06-27,0.0002044856016,0.0004509786236,-0.05103173068
2024-06-28,0.0005413654782,-0.004417598269,-0.05142659292
2024-07-01,0.0002077573438,0.002218600018,-0.05094639609
2024-07-02,0.000323711689,0.006324824938,-0.05271879276
2024-07-03,0.001615912937,0.003860830527,-0.05201893202
2024-07-05,0.001395324978,0.005590089889,-0.0503621136
2024-07-08,-0.0001010683704,0.0006670817397,-0.04725522769
2024-07-09,-0.0003422811829,0.001066619261,-0.04851836519
2024-07-10,0.0008883841715,0.01007769145,-0.04747453394
2024-07-11,0.001329301073,-0.008482770745,-0.04770169482
2024-07-12,0.0006042106422,0.004432820604,-0.04630611888
2024-07-15,0.000807076592,0.00322167792,-0.04132515611
2024-07-16,5.336730868e-05,0.006026746437,-0.0400002892
2024-07-17,0.001507004161,-0.01368665005,-0.04245283347
2024-07-18,0.001050002087,-0.007891470119,-0.04343250898
2024-07-19,0.001092329077,-0.007283939584,-0.04473650889
2024-07-22,-0.0002172388705,0.01026333558,-0.04391894213
2024-07-23,-0.001566990041,-0.002049636858,-0.04236376115
2024-07-24,-0.001092247284,-0.02272625798,-0.03544495856
2024-07-25,0.005307329063,-0.005619517544,-0.03988622507
2024-07-26,0.0001024571486,0.01061337009,-0.04013943475
2024-07-29,0.000429192182,0.0007274049827,-0.03845308936
2024-07-30,0.001794745323,-0.005542431401,-0.04579242623
2024-07-31,0.002556072759,0.01562357241,-0.03962888509
2024-08-01,0.001127561857,-0.01398884491,-0.03886785072
2024-08-02,0.002657340047,-0.0190228548,-0.03950556239
2024-08-05,0.000977525712,-0.0294828869,-0.04205896563
2024-08-06,0.001745136368,0.009343555343,-0.04037847865
2024-08-07,0.007341035926,-0.007358177071,-0.04873536498
2024-08-08,0.001928550503,0.0230989957,-0.04094369914
2024-08-09,-3.27285045e-05,0.004113495068,-0.04144293555
2024-08-12,0.0003529330491,-9.310553512e-05,-0.04134729632
2024-08-13,0.001065877508,0.01662088552,-0.039166257
2024-08-14,2.62645223e-05,0.003297307199,-0.03855252125
2024-08-15,0.001554446554,0.01652364433,-0.03284923997
2024-08-16,0.001650992208,0.001930848675,-0.03137137246
2024-08-19,0.001111004908,0.009277103034,-0.02971752952
2024-08-20,0.0005684049779,-0.001820603908,-0.02985666959
2024-08-21,0.000823397253,0.003870278927,-0.02882630353
2024-08-22,0.0001598501763,-0.008419746521,-0.02862511549
2024-08-23,0.001076038474,0.01045763318,-0.02537548199
2024-08-26,1.426741619e-05,-0.002742149491,-0.02322152861
2024-08-27,0.0005347565384,0.001374844776,-0.02320065776
2024-08-28,0.0002536675903,-0.006111873865,-0.02240091731
2024-08-29,-0.0003753691273,-4.456129406e-05,-0.01714066917
2024-08-30,0.0006527639828,0.009090909091,-0.01679808362
2024-09-03,0.009351567212,-0.02106518283,-0.04633288553
2024-09-04,-0.004464689229,-0.002120268868,-0.04396660628
2024-09-05,0.0001063172136,-0.003209764919,-0.04237067617
2024-09-06,0.0008343441753,-0.01682615992,-0.04386943357
2024-09-09,0.0002264046572,0.01107113202,-0.04416016557
2024-09-10,7.3749691e-06,0.004471210877,-0.04432743528
2024-09-11,0.000250482077,0.01040152616,-0.04273184624
2024-09-12,-0.0007920415661,0.007372443246,-0.04409676883
2024-09-13,-0.001362580565,0.004908742023,-0.04508015583
2024-09-16,0.003812403121,0.001465429193,-0.04402792312
2024-09-17,0.003483202471,0.0001773678609,-0.04449135608
2024-09-18,0.0001696037805,-0.003236389431,-0.0442023442
2024-09-19,0.0006065188145,0.01725748343,-0.04363434188
2024-09-20,0.002940808166,-0.003106116917,-0.04571942699
2024-09-23,-0.0009611362828,0.01346669029,-0.04883394322
2024-09-24,-0.001609247626,0.002639892673,-0.04982958958
2024-09-25,0.01939914659,-0.002244475138,-0.05581615907
2024-09-26,-0.005908815549,0.004412528119,-0.05850179506
2024-09-27,0.000968810172,-0.002282711689,-0.05855248119
2024-09-30,0.003696126032,0.003971508742,-0.05585568208
2024-10-01,0.001455628562,-0.00937352195,-0.05745119743
2024-10-02,0.006798494685,8.680932332e-05,-0.06187306145
2024-10-03,0.003425314386,-0.001866238445,-0.0346393102
2024-10-04,0.005205828924,0.008783372467,-0.02168401771
2024-10-07,0.001002726704,-0.009525862069,-0.02286661714
2024-10-08,0.0009718913343,0.009704512816,0.004468996623
2024-10-09,0.0005078617339,0.007025256443,-0.005926526941
2024-10-10,7.68142329e-05,-0.002097153863,0.0003806932448
2024-10-11,0.0001942917625,0.005275347401,0.004369741897
2024-10-14,0.0004522946529,0.008276803618,0.01353928732
2024-10-15,0.0001856342993,-0.007701095925,0.02050047614
2024-10-16,-0.000811345265,0.004136284167,0.03299994685
2024-10-17,0.0007004921193,0,0.0320106553
2024-10-18,0.0002193501447,0.003227450314,0.04441373493
2024-10-21,9.36350243e-06,-0.001650863529,0.03190832472
2024-10-22,-8.67093056e-05,-0.000635997456,0.0251676644
2024-10-23,-0.0002886614023,-0.00929147221,0.02183176355
2024-10-24,0.0004333254154,0.001927112329,0.004944653059
2024-10-25,0.0004720503771,-0.0005129081894,-0.01710663965
2024-10-28,0.001020821279,0.002651385563,-0.01863595354
2024-10-29,0.0004674528808,0.001620745543,-0.01845696939
2024-10-30,-0.0006683009557,-0.003236245955,-0.01668561707
2024-10-31,-0.0003361355193,-0.01939507861,-0.007979307166
2024-11-01,0.0006738975952,0.003441665941,-0.007588176269
2024-11-04,-0.0005731248454,-0.002604958104,-0.003895139929
2024-11-05,-0.0006767804833,0.01201410351,-0.01048396373
2024-11-06,0.001581828781,0.02511935997,-0.003798113835
2024-11-07,-0.0009050268576,0.00763647044,-0.005994178647
2024-11-08,0.0009483107936,0.003581095149,-0.005840131029
2024-11-11,0.0002583702709,0.001078793411,-0.006416374947
2024-11-12,0.002730490349,-0.003108550586,-0.006642610375
2024-11-13,-0.0007717508491,0.0004989190088,-0.00650917138
2024-11-14,0.0006510313211,-0.006274933511,-0.01264802502
2024-11-15,0.002852013356,-0.01367457032,-0.02049106504
2024-11-18,0.0002597233,0.003985415077,-0.02065159315
2024-11-19,-0.0003637497,0.00316722973,-0.02108167614
2024-11-20,-0.0013337444,-0.000168385603,-0.02058419163
2024-11-21,-0.0009408247,0.00551555724,-0.02196473877
2024-11-22,-0.0001859655,0.002763587639,-0.022026468
2024-11-25,0.0035036897,0.003257056957,-0.02037937078
2024-11-26,-0.000349291,0.005285940231,-0.0219460261
2024-11-27,0.0002163834,-0.00385045336,-0.02175238586
2024-11-29,-0.0004696048,0.006068162926,-0.0228029755
2024-12-02,-0.0016826748,0.001693794927,-0.0226130353
2024-12-03,-8.55077e-05,0.0002474532932,-0.02144976044
2024-12-04,-0.0009009533,0.005813713767,-0.02338538369
2024-12-05,0.0024349416,-0.001598753792,-0.02445727114
2024-12-06,-0.0003434864,0.00168343256,-0.02568557023
2024-12-09,-0.0013715073,-0.005451713396,-0.01942106092
2024-12-10,-0.001463831,-0.003214771463,-0.01711227582
2024-12-11,-0.0001378256,0.007690717387,-0.01832068782
2024-12-12,0.0038264566,-0.005252143942,-0.02272917807
2024-12-13,0.0082701584,-0.0008662294271,-0.01653780164
2024-12-16,-0.0031343722,0.004128478243,-0.01921565743
2024-12-17,-0.0115940235,-0.004399309267,-0.00548188463
2024-12-18,-0.000450088,-0.02998141648,0.005944994146
2024-12-19,0.0081727042,-0.0005960236707,0.003799424161
2024-12-20,0.0021738495,-0.004854526092,-0.001992139927
2024-12-23,1.97378e-05,0.03351563115,-0.00149414591
2024-12-24,-0.0010386844,0.01027170311,-0.004483153824
2024-12-26,0.0055189303,-0.0004509675303,-0.00548742855
2024-12-27,-0.004616216,-0.01119724376,0.007361148505
2024-12-30,0.0002029804,-0.01132404181,0.008820871652
2024-12-31,-0.0035560907,-0.003859869939,0.01244059457
